bamfile,mean_depth,sd_depth,mean_depth_nonzero,mean_depth_within2sd,median,proportion_of_reference_covered
/home/projects/dp_00007/people/hmon/Shucking/07_depth/VADE_02_EKDL210005548-1a-AK11630-AK16248_HHJKNDSX2_L4_depth.gz,0.04712095,1.535890297,2.208520835,0.026474459,0,0.021335977
/home/projects/dp_00007/people/hmon/Shucking/07_depth/KLEV_12_EKDL210005548-1a-AK11401-AK7949_HHJKNDSX2_L4_depth.gz,0.059482974,2.016906254,2.459646105,0.034667726,0,0.02418355
/home/projects/dp_00007/people/hmon/Shucking/07_depth/Lurida_03_EKDL210004789-1a-AK11591-AK16275_HHJYYDSX2_L2_depth.gz,0.155556262,6.336443852,2.230670137,0.119519527,0,0.069735215
/home/projects/dp_00007/people/hmon/Shucking/07_depth/Lurida_08_EKDL210005548-1a-AK11473-AK16281_HHJKNDSX2_L4_depth.gz,0.183289669,6.806468608,2.384878478,0.140114338,0,0.07685493
/home/projects/dp_00007/people/hmon/Shucking/07_depth/Lurida_02_EKDL210004790-1a-AK11600-AK6934_HHJYYDSX2_L3_depth.gz,0.229536623,7.286495408,2.643997787,0.17686569,0,0.086814226
/home/projects/dp_00007/people/hmon/Shucking/07_depth/Lurida_06_EKDL210004790-1a-AK11426-AK5939_HHJYYDSX2_L3_depth.gz,0.23207938,7.38375698,2.672549087,0.176792284,0,0.08683821
/home/projects/dp_00007/people/hmon/Shucking/07_depth/Lurida_07_EKDL210004788-1a-AK12629-AK16244_HHJYYDSX2_L1_depth.gz,0.304125239,8.559369403,3.033417049,0.229714453,0,0.100258301
/home/projects/dp_00007/people/hmon/Shucking/07_depth/Lurida_05_EKDL210004790-1a-AK11605-AK16247_HHJYYDSX2_L3_depth.gz,0.316338749,8.544940989,3.153798071,0.238295561,0,0.100304059
/home/projects/dp_00007/people/hmon/Shucking/07_depth/Lurida_09_EKDL210004788-1a-AK11381-AK16293_HHJYYDSX2_L1_depth.gz,0.302972039,8.383935451,3.004318974,0.230320901,0,0.100845497
/home/projects/dp_00007/people/hmon/Shucking/07_depth/Lurida_01_EKDL210004788-1a-AK11677-AK5989_HHJYYDSX2_L1_depth.gz,0.377605066,9.721415407,3.417385936,0.280369796,0,0.110495295
/home/projects/dp_00007/people/hmon/Shucking/07_depth/GREV_05_EKDL200012859-1a-AK11476-AK16258_HNLVYDSXY_L1_depth.gz,0.249114957,0.786409434,1.209968066,0.178423147,0,0.205885563
/home/projects/dp_00007/people/hmon/Shucking/07_depth/NISS_38_EKDL200012859-1a-AK11528-AK14283_HNLVYDSXY_L1_depth.gz,0.314522781,0.678188444,1.253461919,0.211454146,0,0.250923284
/home/projects/dp_00007/people/hmon/Shucking/07_depth/INNE_25_EKDL200012859-1a-AK11495-AK16238_HNLVYDSXY_L1_depth.gz,0.357751383,0.96695052,1.287950507,0.318706635,0,0.277767959
/home/projects/dp_00007/people/hmon/Shucking/07_depth/CRES_15_EKDL210004788-1a-AK11674-AK2690_HHJYYDSX2_L1_depth.gz,0.376995571,0.88988297,1.310944127,0.331346428,0,0.287575621
/home/projects/dp_00007/people/hmon/Shucking/07_depth/ORNE_15_EKDL210004790-1a-AK11177-AK16280_HHJYYDSX2_L3_depth.gz,0.417036072,1.578173889,1.393868112,0.387166998,0,0.299193351
/home/projects/dp_00007/people/hmon/Shucking/07_depth/CRES_19_EKDL210004788-1a-AK11467-AK14066_HHJYYDSX2_L1_depth.gz,0.419674956,0.874610271,1.334290187,0.365327946,0,0.314530497
/home/projects/dp_00007/people/hmon/Shucking/07_depth/LILL_07_EKDL200012859-1a-AK11683-AK16236_HNLVYDSXY_L1_depth.gz,0.447477196,1.034885141,1.391369117,0.373267157,0,0.321609263
/home/projects/dp_00007/people/hmon/Shucking/07_depth/MOLU_05_EKDL210005548-1a-AK11528-AK14283_HHJKNDSX2_L4_depth.gz,0.45057853,0.849804809,1.353450236,0.388968563,0,0.332911043
/home/projects/dp_00007/people/hmon/Shucking/07_depth/ZECE_04_EKDL200012859-1a-AK11582-AK8205_HNLVYDSXY_L1_depth.gz,0.46463681,1.020985261,1.377947403,0.394288139,0,0.337194881
/home/projects/dp_00007/people/hmon/Shucking/07_depth/CRES_20_EKDL200012859-1a-AK11377-AK16262_HNLVYDSXY_L1_depth.gz,0.477057249,1.057337938,1.381202024,0.405636426,0,0.345392811
/home/projects/dp_00007/people/hmon/Shucking/07_depth/CRES_14_EKDL210004788-1a-AK7415-AK16289_HHJYYDSX2_L1_depth.gz,0.502181989,1.020631866,1.405781096,0.420743427,0,0.357226307
/home/projects/dp_00007/people/hmon/Shucking/07_depth/HAVS_21_EKDL210005548-1a-AK11377-AK16262_HHJKNDSX2_L4_depth.gz,0.524629956,1.068954828,1.408048175,0.440192478,0,0.372593755
/home/projects/dp_00007/people/hmon/Shucking/07_depth/SVAL_19_EKDL210005548-1a-AK717-5UDI1548_HHJKNDSX2_L4_depth.gz,0.551140751,0.97175394,1.433153155,0.455693692,0,0.384565145
/home/projects/dp_00007/people/hmon/Shucking/07_depth/FURI_13_EKDL200012859-1a-AK11677-AK5989_HNLVYDSXY_L1_depth.gz,0.565089083,0.968971153,1.469061737,0.454431194,0,0.38465986
/home/projects/dp_00007/people/hmon/Shucking/07_depth/ZECE_02_EKDL210004788-1a-AK11667-AK16287_HHJYYDSX2_L1_depth.gz,0.588454445,1.161853834,1.478746668,0.472982229,0,0.39794135
/home/projects/dp_00007/people/hmon/Shucking/07_depth/CORS_02_EKDL210004790-1a-AK11485-AK16252_HHJYYDSX2_L3_depth.gz,0.577479512,1.128915033,1.44834151,0.474739539,0,0.39871778
/home/projects/dp_00007/people/hmon/Shucking/07_depth/MOLU_14_EKDL210004788-1a-AK11460-AK16272_HHJYYDSX2_L1_depth.gz,0.669786816,1.159901225,1.531557572,0.525557793,0,0.437323956
/home/projects/dp_00007/people/hmon/Shucking/07_depth/SYDK_14_EKDL210004790-1a-AK11667-AK16287_HHJYYDSX2_L3_depth.gz,0.671364131,1.13447257,1.533970784,0.52561043,0,0.437664223
/home/projects/dp_00007/people/hmon/Shucking/07_depth/HAVS_05_a_EKDL210005548-1a-AK11600-AK6934_HHJKNDSX2_L4_depth.gz,0.673749006,1.276622929,1.534593324,0.611312373,0,0.439040751
/home/projects/dp_00007/people/hmon/Shucking/07_depth/ORNE_12_EKDL200012859-1a-AK11475-AK16282_HNLVYDSXY_L1_depth.gz,0.706677904,1.371614761,1.608871925,0.617181312,0,0.439238135
/home/projects/dp_00007/people/hmon/Shucking/07_depth/CRES_03_EKDL210004790-1a-AK11524-AK16276_HHJYYDSX2_L3_depth.gz,0.687077532,1.390444895,1.563351362,0.615935034,0,0.439490155
/home/projects/dp_00007/people/hmon/Shucking/07_depth/VENO_08_EKDL200012859-1a-AK11204-AK16254_HNLVYDSXY_L1_depth.gz,0.701002954,1.422240667,1.589038845,0.618594893,0,0.441149035
/home/projects/dp_00007/people/hmon/Shucking/07_depth/LILL_08_EKDL200012859-1a-AK11467-AK14066_HNLVYDSXY_L1_depth.gz,0.721994168,1.423840241,1.612102296,0.631860989,0,0.44785878
/home/projects/dp_00007/people/hmon/Shucking/07_depth/Havs_13_EKDL210004789-1a-AK11497-AK9485_HHJYYDSX2_L2_depth.gz,0.709030847,1.279927331,1.577112539,0.634074886,0,0.449575302
/home/projects/dp_00007/people/hmon/Shucking/07_depth/BARR_15_EKDL200012859-1a-AK11171-AK16279_HNLVYDSXY_L1_depth.gz,0.72263558,1.474207188,1.601754565,0.635883696,0,0.451152502
/home/projects/dp_00007/people/hmon/Shucking/07_depth/PONT_08_EKDL210004789-1a-AK11603-AK16257_HHJYYDSX2_L2_depth.gz,0.734416238,1.304212505,1.610083922,0.646385074,0,0.456135378
/home/projects/dp_00007/people/hmon/Shucking/07_depth/INNE_12_EKDL210004790-1a-AK11665-AK16278_HHJYYDSX2_L3_depth.gz,0.803055605,2.410899824,1.759801969,0.753361484,0,0.456332939
/home/projects/dp_00007/people/hmon/Shucking/07_depth/NISS_49_a_EKDL200012859-1a-AK11615-AK16297_HNLVYDSXY_L1_depth.gz,0.720962359,1.267287628,1.570439634,0.651374588,0,0.459083141
/home/projects/dp_00007/people/hmon/Shucking/07_depth/HAVS_23_EKDL210004789-1a-AK11674-AK2690_HHJYYDSX2_L2_depth.gz,0.767663933,1.805058078,1.645682268,0.713562551,0,0.466471535
/home/projects/dp_00007/people/hmon/Shucking/07_depth/AGAB_99_EKDL200012859-1a-AK11506-AK16290_HNLVYDSXY_L1_depth.gz,0.777614018,1.44482822,1.65769714,0.673188365,0,0.469092936
/home/projects/dp_00007/people/hmon/Shucking/07_depth/LOGS_03_EKDL210004788-1a-AK11377-AK16262_HHJYYDSX2_L1_depth.gz,0.759429586,1.571119088,1.613416353,0.674581154,0,0.470696596
/home/projects/dp_00007/people/hmon/Shucking/07_depth/Havs_07_EKDL210005548-1a-AK11520-AK16285_HHJKNDSX2_L4_depth.gz,0.75379652,1.143404687,1.597175531,0.674434836,0,0.471955965
/home/projects/dp_00007/people/hmon/Shucking/07_depth/CRES_05_EKDL210004790-1a-AK8204-AK9482_HHJYYDSX2_L3_depth.gz,0.770926155,1.278136095,1.618262308,0.685407124,0,0.476391343
/home/projects/dp_00007/people/hmon/Shucking/07_depth/MOLU_17_EKDL210004789-1a-AK11158-AK16267_HHJYYDSX2_L2_depth.gz,0.780231172,1.447347257,1.637603892,0.686458953,0,0.476446824
/home/projects/dp_00007/people/hmon/Shucking/07_depth/KALV_04_EKDL200012859-1a-AK11659-AK16242_HNLVYDSXY_L1_depth.gz,0.798548608,1.574361604,1.673345444,0.686976569,0,0.47721683
/home/projects/dp_00007/people/hmon/Shucking/07_depth/VAGS_14_EKDL210005548-1a-AK11506-AK16290_HHJKNDSX2_L4_depth.gz,0.763914402,1.334254657,1.600634855,0.685001407,0,0.477257133
/home/projects/dp_00007/people/hmon/Shucking/07_depth/HFJO_07_EKDL210004789-1a-AK11593-AK16256_HHJYYDSX2_L2_depth.gz,0.78873396,1.314969442,1.639321636,0.695010188,0,0.481134356
/home/projects/dp_00007/people/hmon/Shucking/07_depth/HFJO_01_EKDL200012859-1a-AK11471-AK16271_HNLVYDSXY_L1_depth.gz,0.799981948,1.561970729,1.642477976,0.704609404,0,0.487057945
/home/projects/dp_00007/people/hmon/Shucking/07_depth/BARR_10_EKDL210004789-1a-AK11168-AK16259_HHJYYDSX2_L2_depth.gz,0.836129572,1.574562154,1.714041583,0.707764207,0,0.48781172
/home/projects/dp_00007/people/hmon/Shucking/07_depth/TOLL_04_EKDL200012859-1a-AK11674-AK2690_HNLVYDSXY_L1_depth.gz,0.803522453,1.392119352,1.634970754,0.713093395,0,0.491459833
/home/projects/dp_00007/people/hmon/Shucking/07_depth/LANG_04_EKDL210005548-1a-AK11661-AK16241_HHJKNDSX2_L4_depth.gz,0.81223148,1.238554809,1.650946181,0.71517513,0,0.491979381
/home/projects/dp_00007/people/hmon/Shucking/07_depth/CRES_16_EKDL210004790-1a-AK11506-AK16290_HHJYYDSX2_L3_depth.gz,0.819498399,1.484999939,1.656507428,0.720293272,0,0.494714594
/home/projects/dp_00007/people/hmon/Shucking/07_depth/HAVS_16_EKDL210004790-1a-AK11473-AK16281_HHJYYDSX2_L3_depth.gz,0.820377954,1.307971652,1.655344193,0.720643646,0,0.495593579
/home/projects/dp_00007/people/hmon/Shucking/07_depth/AGAB_18_EKDL200012859-1a-AK11718-AK16243_HNLVYDSXY_L1_depth.gz,0.855597801,1.509578344,1.709762076,0.734872156,1,0.500419218
/home/projects/dp_00007/people/hmon/Shucking/07_depth/WADD_02_EKDL200012859-1a-AK11479-AK16234_HNLVYDSXY_L1_depth.gz,0.870053481,1.603089128,1.73031666,0.800452257,1,0.502829049
/home/projects/dp_00007/people/hmon/Shucking/07_depth/CRES_06_EKDL200012859-1a-AK11520-AK16285_HNLVYDSXY_L1_depth.gz,0.875988233,1.532746943,1.741479517,0.740858711,1,0.503013802
/home/projects/dp_00007/people/hmon/Shucking/07_depth/ZECE_07_EKDL200012859-1a-AK717-5UDI1548_HNLVYDSXY_L1_depth.gz,0.856840371,1.471021893,1.696196556,0.744900518,1,0.505153939
/home/projects/dp_00007/people/hmon/Shucking/07_depth/NISS_26_EKDL200012859-1a-AK11473-AK16281_HNLVYDSXY_L1_depth.gz,0.854943789,1.293049685,1.690885216,0.743451597,1,0.505619057
/home/projects/dp_00007/people/hmon/Shucking/07_depth/HAUG_15_EKDL210005548-1a-AK11683-AK16236_HHJKNDSX2_L4_depth.gz,0.843971403,1.32501506,1.662944792,0.745583297,1,0.507516189
/home/projects/dp_00007/people/hmon/Shucking/07_depth/CRES_11_EKDL210005548-1a-AK11572-AK16283_HHJKNDSX2_L4_depth.gz,0.850693526,1.432274583,1.67283733,0.74885302,1,0.508533323
/home/projects/dp_00007/people/hmon/Shucking/07_depth/MOLU_15_EKDL210004789-1a-GG04-AK5420_HHJYYDSX2_L2_depth.gz,0.872018571,1.550684993,1.712336674,0.751674556,1,0.509256494
/home/projects/dp_00007/people/hmon/Shucking/07_depth/WADD_03_EKDL200012859-1a-AK11630-AK16248_HNLVYDSXY_L1_depth.gz,0.868755117,1.423463179,1.704087155,0.750577693,1,0.50980674
/home/projects/dp_00007/people/hmon/Shucking/07_depth/RIAE_03_EKDL200012859-1a-AK11605-AK16247_HNLVYDSXY_L1_depth.gz,0.906730346,1.678915826,1.773455085,0.821557298,1,0.511279002
/home/projects/dp_00007/people/hmon/Shucking/07_depth/NELL_25_EKDL200012859-1a-AK4251-AK16229_HNLVYDSXY_L1_depth.gz,0.872412137,1.361029069,1.697019559,0.76022377,1,0.514084904
/home/projects/dp_00007/people/hmon/Shucking/07_depth/ZECE_15_EKDL210005548-1a-AK8204-AK9482_HHJKNDSX2_L4_depth.gz,0.878243273,1.468084822,1.702368863,0.765663915,1,0.515894817
/home/projects/dp_00007/people/hmon/Shucking/07_depth/NISS_05_EKDL210004789-1a-AK2372-AK16292_HHJYYDSX2_L2_depth.gz,0.911128754,1.586838436,1.759637609,0.833601824,1,0.517793408
/home/projects/dp_00007/people/hmon/Shucking/07_depth/ZECE_23_EKDL210004788-1a-AK11698-AK16226_HHJYYDSX2_L1_depth.gz,0.919810493,1.483092141,1.750071116,0.786395284,1,0.525584637
/home/projects/dp_00007/people/hmon/Shucking/07_depth/SVAL_06_EKDL200012859-1a-AK11698-AK16226_HNLVYDSXY_L1_depth.gz,0.913809566,1.406217899,1.737936663,0.784622255,1,0.525801421
/home/projects/dp_00007/people/hmon/Shucking/07_depth/HAUG_21_EKDL200012859-1a-AK11486-AK16237_HNLVYDSXY_L1_depth.gz,0.946495643,1.576581542,1.795934737,0.860602688,1,0.527021179
/home/projects/dp_00007/people/hmon/Shucking/07_depth/COLN_15_EKDL210005548-1a-AK11449-AK16245_HHJKNDSX2_L4_depth.gz,0.923850491,1.734545007,1.749527055,0.857551299,1,0.528057276
/home/projects/dp_00007/people/hmon/Shucking/07_depth/GREV_12_EKDL200012859-1a-AK11158-AK16267_HNLVYDSXY_L1_depth.gz,1.016624648,1.999668366,1.924198082,0.938009147,1,0.528336795
/home/projects/dp_00007/people/hmon/Shucking/07_depth/NELL_05_EKDL200012859-1a-AK7016-AK16255_HNLVYDSXY_L1_depth.gz,0.940148005,1.530284656,1.768594159,0.864571475,1,0.531579277
/home/projects/dp_00007/people/hmon/Shucking/07_depth/MOLU_06_EKDL200012859-1a-AK11449-AK16245_HNLVYDSXY_L1_depth.gz,0.930005964,1.557869357,1.748255821,0.865667356,1,0.531962172
/home/projects/dp_00007/people/hmon/Shucking/07_depth/OSTE_01_EKDL210004788-1a-AK11582-AK8205_HHJYYDSX2_L1_depth.gz,0.960508672,1.586919774,1.803378899,0.88020379,1,0.53261612
/home/projects/dp_00007/people/hmon/Shucking/07_depth/BARR_14_EKDL200012859-1a-AK11667-AK16287_HNLVYDSXY_L1_depth.gz,0.967996967,1.5370592,1.816707936,0.874776063,1,0.532830263
/home/projects/dp_00007/people/hmon/Shucking/07_depth/PONT_01_EKDL200012859-1a-AK11506-AK16290_HNLVYDSXY_L1_depth.gz,0.964753908,1.575359214,1.807237501,0.878020401,1,0.53382796
/home/projects/dp_00007/people/hmon/Shucking/07_depth/KALV_18_EKDL210004788-1a-AK11584-AK16263_HHJYYDSX2_L1_depth.gz,0.95116424,1.587444595,1.777421596,0.875792425,1,0.535137101
/home/projects/dp_00007/people/hmon/Shucking/07_depth/HAVS_05_a_batch2_EKDL210004789-1a-AK11615-AK16297_HHJYYDSX2_L2_depth.gz,0.971263721,1.824123674,1.804306882,0.885297991,1,0.538302952
/home/projects/dp_00007/people/hmon/Shucking/07_depth/BARR_03_EKDL200012859-1a-AK11428-AK16253_HNLVYDSXY_L1_depth.gz,0.971039184,2.081518845,1.801460421,0.915739437,1,0.539028875
/home/projects/dp_00007/people/hmon/Shucking/07_depth/ORNE_13_EKDL210004790-1a-AK7685-AK16294_HHJYYDSX2_L3_depth.gz,1.015533359,2.339308097,1.878428785,0.955916417,1,0.540629151
/home/projects/dp_00007/people/hmon/Shucking/07_depth/MOLU_02_EKDL210004788-1a-AK12626-AK16295_HHJYYDSX2_L1_depth.gz,0.986201646,2.089896837,1.823038116,0.929891514,1,0.540966004
/home/projects/dp_00007/people/hmon/Shucking/07_depth/BARR_04_EKDL210004790-1a-AK11710-AK16288_HHJYYDSX2_L3_depth.gz,1.028266327,2.509382011,1.899828132,0.985982803,1,0.541241763
/home/projects/dp_00007/people/hmon/Shucking/07_depth/AGAB_23_EKDL200012859-1a-AK11195-AK16227_HNLVYDSXY_L1_depth.gz,0.982221118,1.584982356,1.797608969,0.905431191,1,0.546404215
/home/projects/dp_00007/people/hmon/Shucking/07_depth/NELL_09_EKDL210004790-1a-AK11572-AK16283_HHJYYDSX2_L3_depth.gz,1.135204165,2.954007518,2.067104282,1.079210426,1,0.54917605
/home/projects/dp_00007/people/hmon/Shucking/07_depth/LOGS_02_EKDL210005548-1a-AK11460-AK16272_HHJKNDSX2_L4_depth.gz,0.982810498,1.465779374,1.785088716,0.836726061,1,0.550566753
/home/projects/dp_00007/people/hmon/Shucking/07_depth/TOLL_08_EKDL210004789-1a-AK11200-AK15590_HHJYYDSX2_L2_depth.gz,1.004055772,2.063331533,1.823565968,0.949347235,1,0.550600192
/home/projects/dp_00007/people/hmon/Shucking/07_depth/TOLL_11_EKDL200012859-1a-AK11208-AK16233_HNLVYDSXY_L1_depth.gz,1.008542753,1.59050789,1.829977284,0.919827953,1,0.551123099
/home/projects/dp_00007/people/hmon/Shucking/07_depth/PONT_06_EKDL200012859-1a-AK11690-AK16231_HNLVYDSXY_L1_depth.gz,0.989285633,1.474438022,1.793376514,0.839122461,1,0.551632981
/home/projects/dp_00007/people/hmon/Shucking/07_depth/HAUG_17_EKDL200012859-1a-AK11387-AK16228_HNLVYDSXY_L1_depth.gz,0.994540229,1.527165806,1.801902256,0.916978107,1,0.551939055
/home/projects/dp_00007/people/hmon/Shucking/07_depth/HAUG_05_EKDL200012859-1a-AK11692-AK16230_HNLVYDSXY_L1_depth.gz,0.995425122,1.50701672,1.803372468,0.919404019,1,0.551979771
/home/projects/dp_00007/people/hmon/Shucking/07_depth/FURI_09_EKDL200012859-1a-AK11656-AK574_HNLVYDSXY_L1_depth.gz,1.01086554,1.483282606,1.82912048,0.843014322,1,0.552651152
/home/projects/dp_00007/people/hmon/Shucking/07_depth/SYDK_15_EKDL210004789-1a-AK11656-AK574_HHJYYDSX2_L2_depth.gz,1.032290829,1.81702035,1.865383132,0.927951716,1,0.553393462
/home/projects/dp_00007/people/hmon/Shucking/07_depth/LILL_01_EKDL200012859-1a-GG04-AK5420_HNLVYDSXY_L1_depth.gz,1.006663909,1.523325049,1.816694371,0.924800471,1,0.554118472
/home/projects/dp_00007/people/hmon/Shucking/07_depth/SYDK_12_EKDL210005548-1a-AK11475-AK16282_HHJKNDSX2_L4_depth.gz,1.00399227,1.690381608,1.81051142,0.919792205,1,0.554535177
/home/projects/dp_00007/people/hmon/Shucking/07_depth/INNE_20_EKDL200012859-1a-AK11384-AK16224_HNLVYDSXY_L1_depth.gz,1.017104207,1.434931103,1.833233492,0.846895239,1,0.554814328
/home/projects/dp_00007/people/hmon/Shucking/07_depth/SYDK_07_EKDL210004788-1a-AK11471-AK16271_HHJYYDSX2_L1_depth.gz,1.004785413,1.88700525,1.808080779,0.925478695,1,0.555719316
/home/projects/dp_00007/people/hmon/Shucking/07_depth/HFJO_05_EKDL210004788-1a-AK11656-AK574_HHJYYDSX2_L1_depth.gz,1.022289629,1.644129743,1.839534549,0.930469178,1,0.555732769
/home/projects/dp_00007/people/hmon/Shucking/07_depth/BARR_09_EKDL210004790-1a-AK11677-AK5989_HHJYYDSX2_L3_depth.gz,1.133207638,5.741847967,2.037221443,1.097853138,1,0.556251576
/home/projects/dp_00007/people/hmon/Shucking/07_depth/NISS_39_EKDL200012859-1a-AK12629-AK16244_HNLVYDSXY_L1_depth.gz,1.016685489,1.576657505,1.827321765,0.93132537,1,0.556380113
/home/projects/dp_00007/people/hmon/Shucking/07_depth/NISS_04_EKDL200012859-1a-AK11598-AK16273_HNLVYDSXY_L1_depth.gz,1.059563819,1.903892172,1.898862909,0.943691845,1,0.557999113
/home/projects/dp_00007/people/hmon/Shucking/07_depth/SVAL_11_EKDL210004790-1a-AK11692-AK16230_HHJYYDSX2_L3_depth.gz,1.028322193,1.678393838,1.837963881,0.938915416,1,0.559489881
/home/projects/dp_00007/people/hmon/Shucking/07_depth/LANG_03_EKDL210005548-1a-AK11436-AK16240_HHJKNDSX2_L4_depth.gz,1.024477393,1.621641373,1.82878144,0.942552944,1,0.560196736
/home/projects/dp_00007/people/hmon/Shucking/07_depth/HAVS_05_batch2_EKDL210004789-1a-AK11653-AK16291_HHJYYDSX2_L2_depth.gz,1.05710123,1.984269395,1.885359125,0.991253362,1,0.560689588
/home/projects/dp_00007/people/hmon/Shucking/07_depth/ZECE_05_EKDL210005548-1a-AK11656-AK574_HHJKNDSX2_L4_depth.gz,1.026991817,1.64506272,1.827654997,0.944484973,1,0.561917768
/home/projects/dp_00007/people/hmon/Shucking/07_depth/NELL_18_EKDL210004789-1a-AK11486-AK16237_HHJYYDSX2_L2_depth.gz,1.101243619,1.777632692,1.95871841,0.960505154,1,0.562226614
/home/projects/dp_00007/people/hmon/Shucking/07_depth/MOLU_07_EKDL210004790-1a-AK11160-AK9453_HHJYYDSX2_L3_depth.gz,1.03494218,1.599324788,1.838853094,0.950804286,1,0.562819392
/home/projects/dp_00007/people/hmon/Shucking/07_depth/NELL_08_EKDL200012859-1a-AK11661-AK16241_HNLVYDSXY_L1_depth.gz,1.036893794,1.496441903,1.841061296,0.949385344,1,0.563204385
/home/projects/dp_00007/people/hmon/Shucking/07_depth/AGAB_13_EKDL200012859-1a-AK11640-AK16265_HNLVYDSXY_L1_depth.gz,1.082516586,1.71664961,1.920582016,0.972946968,1,0.563639864
/home/projects/dp_00007/people/hmon/Shucking/07_depth/MOLU_25_EKDL200012859-1a-AK11426-AK5939_HNLVYDSXY_L1_depth.gz,1.049284394,1.688849987,1.854607792,0.959671092,1,0.565771588
/home/projects/dp_00007/people/hmon/Shucking/07_depth/HAFR_07_EKDL210004790-1a-AK11375-AK16261_HHJYYDSX2_L3_depth.gz,1.054248981,1.553670641,1.856063955,0.963423005,1,0.568002508
/home/projects/dp_00007/people/hmon/Shucking/07_depth/COLN_11_EKDL200012859-1a-AK8204-AK9482_HNLVYDSXY_L1_depth.gz,1.133540866,1.854588974,1.981919595,0.985156204,1,0.571940895
/home/projects/dp_00007/people/hmon/Shucking/07_depth/MOLU_19_EKDL210004789-1a-AK11433-AK13293_HHJYYDSX2_L2_depth.gz,1.098329721,1.824336111,1.918415127,0.985871045,1,0.572519318
/home/projects/dp_00007/people/hmon/Shucking/07_depth/Havs_15_EKDL210004790-1a-AK11171-AK16279_HHJYYDSX2_L3_depth.gz,1.079475342,1.744410883,1.885123187,0.978581212,1,0.572628542
/home/projects/dp_00007/people/hmon/Shucking/07_depth/Havs_03_EKDL210005548-1a-AK12626-AK16295_HHJKNDSX2_L4_depth.gz,1.066225399,1.63512523,1.859694633,0.972531864,1,0.573333589
/home/projects/dp_00007/people/hmon/Shucking/07_depth/HFJO_15_EKDL210004790-1a-AK2372-AK16292_HHJYYDSX2_L3_depth.gz,1.074241322,1.688647652,1.873386527,0.978832936,1,0.573422146
/home/projects/dp_00007/people/hmon/Shucking/07_depth/HAVS_08_EKDL210004789-1a-AK11384-AK16224_HHJYYDSX2_L2_depth.gz,1.112197334,1.672977427,1.936878875,0.990549113,1,0.574221418
/home/projects/dp_00007/people/hmon/Shucking/07_depth/HAFR_14_EKDL210004790-1a-AK11495-AK16238_HHJYYDSX2_L3_depth.gz,1.08649655,1.579447741,1.888026169,0.990501127,1,0.575466891
/home/projects/dp_00007/people/hmon/Shucking/07_depth/NISS_09_EKDL210005548-1a-GG04-AK5420_HHJKNDSX2_L4_depth.gz,1.10645015,1.900927703,1.917506098,0.997887588,1,0.577025623
/home/projects/dp_00007/people/hmon/Shucking/07_depth/ORNE_06_EKDL210004789-1a-AK11629-AK16249_HHJYYDSX2_L2_depth.gz,1.097806074,1.685067865,1.902480305,0.991168582,1,0.57703939
/home/projects/dp_00007/people/hmon/Shucking/07_depth/HAFR_11_EKDL210004790-1a-AK11718-AK16243_HHJYYDSX2_L3_depth.gz,1.187181743,2.102511572,2.057142084,1.085652068,1,0.577102453
/home/projects/dp_00007/people/hmon/Shucking/07_depth/NISS_16_EKDL200012859-1a-AK11572-AK16283_HNLVYDSXY_L1_depth.gz,1.107346726,1.59657638,1.916028656,0.996921313,1,0.577938499
/home/projects/dp_00007/people/hmon/Shucking/07_depth/PONT_15_EKDL200012859-1a-AK7685-AK16294_HNLVYDSXY_L1_depth.gz,1.140400052,1.975463549,1.973105095,1.048235153,1,0.577972281
/home/projects/dp_00007/people/hmon/Shucking/07_depth/NISS_32_01_EKDL200012859-1a-AK11524-AK16276_HNLVYDSXY_L1_depth.gz,1.132703131,2.020127469,1.958557819,1.048415602,1,0.578335304
/home/projects/dp_00007/people/hmon/Shucking/07_depth/BOVA_05_EKDL210004789-1a-AK11416-AK16269_HHJYYDSX2_L2_depth.gz,1.124472809,1.824379296,1.941584188,0.998647834,1,0.579152228
/home/projects/dp_00007/people/hmon/Shucking/07_depth/AGAB_04_EKDL210004789-1a-AK11677-AK5989_HHJYYDSX2_L2_depth.gz,1.140125082,1.960585452,1.965358696,1.058915182,1,0.580110432
/home/projects/dp_00007/people/hmon/Shucking/07_depth/HAUG_16_EKDL210004789-1a-AK11512-AK16284_HHJYYDSX2_L2_depth.gz,1.128627664,1.668361939,1.942893936,1.00698519,1,0.580900297
/home/projects/dp_00007/people/hmon/Shucking/07_depth/SVAL_17_EKDL210005548-1a-AK11512-AK16284_HHJKNDSX2_L4_depth.gz,1.094762566,1.680244303,1.881651158,1.001444482,1,0.581809525
/home/projects/dp_00007/people/hmon/Shucking/07_depth/OSTE_11_EKDL210004788-1a-AK11702-AK16286_HHJYYDSX2_L1_depth.gz,1.118563411,1.818130231,1.92207411,1.00981051,1,0.581956442
/home/projects/dp_00007/people/hmon/Shucking/07_depth/HAUG_11_EKDL210004788-1a-AK11384-AK16224_HHJYYDSX2_L1_depth.gz,1.143784072,1.840747428,1.962084559,1.013278061,1,0.582943313
/home/projects/dp_00007/people/hmon/Shucking/07_depth/HAUG_15_a_batch2_EKDL210004789-1a-AK7685-AK16294_HHJYYDSX2_L2_depth.gz,1.119742057,1.685001902,1.920399629,1.011507112,1,0.583077626
/home/projects/dp_00007/people/hmon/Shucking/07_depth/GASO_01_EKDL200012859-1a-AK11710-AK16288_HNLVYDSXY_L1_depth.gz,1.124536174,1.560342066,1.927817464,1.010755561,1,0.583320877
/home/projects/dp_00007/people/hmon/Shucking/07_depth/CRES_08_EKDL210004789-1a-AK11178-AK16246_HHJYYDSX2_L2_depth.gz,1.131225871,2.108547124,1.938541397,1.063333407,1,0.583544861
/home/projects/dp_00007/people/hmon/Shucking/07_depth/WADD_15_EKDL210004789-1a-AK11428-AK16253_HHJYYDSX2_L2_depth.gz,1.124471643,1.819872811,1.926028376,1.010223759,1,0.583829219
/home/projects/dp_00007/people/hmon/Shucking/07_depth/VAGS_18_EKDL210005548-1a-AK11591-AK16275_HHJKNDSX2_L4_depth.gz,1.106666979,1.855639413,1.89257071,1.008394034,1,0.584742738
/home/projects/dp_00007/people/hmon/Shucking/07_depth/NISS_42_EKDL200012859-1a-AK11584-AK16263_HNLVYDSXY_L1_depth.gz,1.124721638,1.723322804,1.922637207,1.01260232,1,0.584989011
/home/projects/dp_00007/people/hmon/Shucking/07_depth/HFJO_03_EKDL210005548-1a-AK11467-AK14066_HHJKNDSX2_L4_depth.gz,1.114835462,1.611140335,1.904980389,1.007654567,1,0.58522149
/home/projects/dp_00007/people/hmon/Shucking/07_depth/HAFR_01_EKDL200012859-1a-AK11714-AK16250_HNLVYDSXY_L1_depth.gz,1.114991309,1.963191777,1.903173585,1.054793118,1,0.585858966
/home/projects/dp_00007/people/hmon/Shucking/07_depth/PONT_09_EKDL200012859-1a-AK11519-AK16232_HNLVYDSXY_L1_depth.gz,1.117249603,1.730979836,1.901923308,1.01568732,1,0.587431469
/home/projects/dp_00007/people/hmon/Shucking/07_depth/GASO_17_EKDL210005548-1a-AK11582-AK8205_HHJKNDSX2_L4_depth.gz,1.135698892,1.833724467,1.931321551,1.022953858,1,0.588042365
/home/projects/dp_00007/people/hmon/Shucking/07_depth/Havs_02_EKDL210005548-1a-AK4251-AK16229_HHJKNDSX2_L4_depth.gz,1.136178137,1.720695219,1.929613867,1.022129524,1,0.588811138
/home/projects/dp_00007/people/hmon/Shucking/07_depth/VADE_08_EKDL210004789-1a-AK11440-AK16251_HHJYYDSX2_L2_depth.gz,1.170873587,1.893998113,1.986866511,1.031218963,1,0.589306619
/home/projects/dp_00007/people/hmon/Shucking/07_depth/OSTE_16_EKDL210004789-1a-AK11377-AK16262_HHJYYDSX2_L2_depth.gz,1.19252637,2.174518893,2.022128855,1.101782892,1,0.589738071
/home/projects/dp_00007/people/hmon/Shucking/07_depth/LOGS_01_EKDL210005548-1a-AK12629-AK16244_HHJKNDSX2_L4_depth.gz,1.145266153,2.143561651,1.94106028,1.083743191,1,0.59002091
/home/projects/dp_00007/people/hmon/Shucking/07_depth/HAUG_15_EKDL200012859-1a-AK11653-AK16291_HNLVYDSXY_L1_depth.gz,1.131927138,1.627934281,1.915955818,1.029981701,1,0.590789791
/home/projects/dp_00007/people/hmon/Shucking/07_depth/BOVA_13_EKDL200012859-1a-AK11246-AK16274_HNLVYDSXY_L1_depth.gz,1.182361267,1.778696915,1.997803788,1.038499377,1,0.591830526
/home/projects/dp_00007/people/hmon/Shucking/07_depth/RIAE_06_EKDL210004789-1a-AK11476-AK16258_HHJYYDSX2_L2_depth.gz,1.186215571,2.01513476,2.003772975,1.097217254,1,0.591991002
/home/projects/dp_00007/people/hmon/Shucking/07_depth/COLN_13_EKDL210004790-1a-AK11584-AK16263_HHJYYDSX2_L3_depth.gz,1.251275798,3.382740135,2.112629751,1.205991668,1,0.592283526
/home/projects/dp_00007/people/hmon/Shucking/07_depth/HAVS_24_EKDL210004788-1a-AK11512-AK16284_HHJYYDSX2_L1_depth.gz,1.172355966,1.89411295,1.976531554,1.044273772,1,0.593137996
/home/projects/dp_00007/people/hmon/Shucking/07_depth/HAVS_05_EKDL210005548-1a-AK11702-AK16286_HHJKNDSX2_L4_depth.gz,1.160313378,2.026670313,1.95521874,1.08763778,1,0.59344428
/home/projects/dp_00007/people/hmon/Shucking/07_depth/VAGS_03_EKDL210005548-1a-AK11653-AK16291_HHJKNDSX2_L4_depth.gz,1.154964391,1.8033762,1.944441767,1.036643594,1,0.593982505
/home/projects/dp_00007/people/hmon/Shucking/07_depth/NISS_07_EKDL210005548-1a-AK11584-AK16263_HHJKNDSX2_L4_depth.gz,1.210535554,2.117680801,2.034746582,1.118633244,1,0.594931853
/home/projects/dp_00007/people/hmon/Shucking/07_depth/CRES_17_EKDL200012859-1a-AK11600-AK6934_HNLVYDSXY_L1_depth.gz,1.178188331,1.716703281,1.979280622,1.051424893,1,0.595260883
/home/projects/dp_00007/people/hmon/Shucking/07_depth/CRES_10_EKDL210004790-1a-AK11178-AK16246_HHJYYDSX2_L3_depth.gz,1.165050217,1.9599055,1.956096641,1.09401233,1,0.595599518
/home/projects/dp_00007/people/hmon/Shucking/07_depth/ZECE_08_EKDL210004789-1a-AK11600-AK6934_HHJYYDSX2_L2_depth.gz,1.168911289,1.968436165,1.961961159,1.097113728,1,0.595787171
/home/projects/dp_00007/people/hmon/Shucking/07_depth/BOVA_16_EKDL210005548-1a-AK11692-AK16230_HHJKNDSX2_L4_depth.gz,1.165045154,1.631007799,1.954410797,1.047393729,1,0.596110682
/home/projects/dp_00007/people/hmon/Shucking/07_depth/PONT_16_EKDL200012859-1a-AK11485-AK16252_HNLVYDSXY_L1_depth.gz,1.169278336,1.764580389,1.956904728,1.048671182,1,0.597514186
/home/projects/dp_00007/people/hmon/Shucking/07_depth/LANG_09_EKDL210004789-1a-AK7415-AK16289_HHJYYDSX2_L2_depth.gz,1.200807867,2.195397699,2.008385276,1.116507963,1,0.597897167
/home/projects/dp_00007/people/hmon/Shucking/07_depth/INNE_10_EKDL210004789-1a-AK11582-AK8205_HHJYYDSX2_L2_depth.gz,1.225724822,2.116025676,2.049136711,1.123757327,1,0.598166445
/home/projects/dp_00007/people/hmon/Shucking/07_depth/ZECE_24_EKDL200012859-1a-AK11675-AK16223_HNLVYDSXY_L1_depth.gz,1.197724926,1.897488673,1.999906585,1.058570195,1,0.598890436
/home/projects/dp_00007/people/hmon/Shucking/07_depth/TOLL_09_EKDL200012859-1a-AK11168-AK16259_HNLVYDSXY_L1_depth.gz,1.202108225,1.9051632,2.001889083,1.112473901,1,0.600486928
/home/projects/dp_00007/people/hmon/Shucking/07_depth/HAFR_08_EKDL210004789-1a-AK11675-AK16223_HHJYYDSX2_L2_depth.gz,1.239052473,2.099344595,2.063395336,1.129453702,1,0.600492039
/home/projects/dp_00007/people/hmon/Shucking/07_depth/LILL_13_EKDL210004790-1a-AK11158-AK16267_HHJYYDSX2_L3_depth.gz,1.174065268,1.556971224,1.954397788,1.059374932,1,0.600729941
/home/projects/dp_00007/people/hmon/Shucking/07_depth/SYDK_06_EKDL210004788-1a-AK11246-AK16274_HHJYYDSX2_L1_depth.gz,1.188363649,2.066539706,1.974217668,1.115220472,1,0.601941553
/home/projects/dp_00007/people/hmon/Shucking/07_depth/NISS_12_EKDL200012859-1a-AK2372-AK16292_HNLVYDSXY_L1_depth.gz,1.185962065,2.037867234,1.967832311,1.119478512,1,0.602674353
/home/projects/dp_00007/people/hmon/Shucking/07_depth/GREV_04_EKDL210004790-1a-AK11598-AK16273_HHJYYDSX2_L3_depth.gz,1.201739842,2.211074269,1.98785055,1.124529921,1,0.60454235
/home/projects/dp_00007/people/hmon/Shucking/07_depth/OSTE_12_EKDL210004789-1a-AK717-5UDI1548_HHJYYDSX2_L2_depth.gz,1.23384334,2.169949963,2.039853628,1.145640468,1,0.604868567
/home/projects/dp_00007/people/hmon/Shucking/07_depth/INNE_17_EKDL200012859-1a-AK11591-AK16275_HNLVYDSXY_L1_depth.gz,1.247664668,2.097591888,2.062204674,1.147822035,1,0.605014955
/home/projects/dp_00007/people/hmon/Shucking/07_depth/SVAL_04_EKDL210005548-1a-AK11690-AK16231_HHJKNDSX2_L4_depth.gz,1.202316979,1.770964367,1.98573844,1.0726035,1,0.605476006
/home/projects/dp_00007/people/hmon/Shucking/07_depth/VENO_18_EKDL210004789-1a-AK11661-AK16241_HHJYYDSX2_L2_depth.gz,1.200921854,2.387061196,1.982878876,1.126675074,1,0.605645594
/home/projects/dp_00007/people/hmon/Shucking/07_depth/KALV_21_EKDL210004788-1a-AK11195-AK16227_HHJYYDSX2_L1_depth.gz,1.198673697,1.764689156,1.978041262,1.075461055,1,0.605990239
/home/projects/dp_00007/people/hmon/Shucking/07_depth/KALV_05_EKDL210005548-1a-AK11168-AK16259_HHJKNDSX2_L4_depth.gz,1.207172863,1.795309789,1.991205738,1.08280246,1,0.606252202
/home/projects/dp_00007/people/hmon/Shucking/07_depth/GASO_13_EKDL210004788-1a-AK11600-AK6934_HHJYYDSX2_L1_depth.gz,1.205050095,1.973927165,1.98369738,1.132007129,1,0.607476779
/home/projects/dp_00007/people/hmon/Shucking/07_depth/LANG_20_EKDL210004788-1a-AK11683-AK16236_HHJYYDSX2_L1_depth.gz,1.211040575,2.120896184,1.99339505,1.13906726,1,0.607526629
/home/projects/dp_00007/people/hmon/Shucking/07_depth/CRES_02_EKDL210004789-1a-AK11698-AK16226_HHJYYDSX2_L2_depth.gz,1.22420639,1.86149962,2.011536615,1.087447387,1,0.608592645
/home/projects/dp_00007/people/hmon/Shucking/07_depth/GREV_13_EKDL210005548-1a-AK11195-AK16227_HHJKNDSX2_L4_depth.gz,1.217174396,2.138611867,1.999496902,1.135107214,1,0.608740326
/home/projects/dp_00007/people/hmon/Shucking/07_depth/HAUG_15_batch2_EKDL210004789-1a-AK11710-AK16288_HHJYYDSX2_L2_depth.gz,1.228079814,1.794540244,2.01637894,1.090428641,1,0.609052093
/home/projects/dp_00007/people/hmon/Shucking/07_depth/HAUG_08_EKDL210004789-1a-AK12626-AK16295_HHJYYDSX2_L2_depth.gz,1.215990235,1.940648151,1.99639606,1.14196857,1,0.609092684
/home/projects/dp_00007/people/hmon/Shucking/07_depth/RIAE_14_EKDL200012859-1a-AK11685-AK16235_HNLVYDSXY_L1_depth.gz,1.217749933,1.920665958,1.998739592,1.137351934,1,0.609258924
/home/projects/dp_00007/people/hmon/Shucking/07_depth/KALV_11_EKDL210004790-1a-AK717-5UDI1548_HHJYYDSX2_L3_depth.gz,1.226699482,1.847721631,2.013402129,1.087572029,1,0.609267004
/home/projects/dp_00007/people/hmon/Shucking/07_depth/OSTE_07_EKDL210004789-1a-AK11490-AK14430_HHJYYDSX2_L2_depth.gz,1.282652717,1.902577596,2.10507559,1.174753733,1,0.609314327
/home/projects/dp_00007/people/hmon/Shucking/07_depth/HAVS_05_batch1_EKDL210004788-1a-AK12637-AK16268_HHJYYDSX2_L1_depth.gz,1.243314519,2.278598875,2.037453098,1.149933158,1,0.610229762
/home/projects/dp_00007/people/hmon/Shucking/07_depth/SVAL_20_EKDL210005548-1a-AK11665-AK16278_HHJKNDSX2_L4_depth.gz,1.218169355,1.826354752,1.995737181,1.083772639,1,0.610385659
/home/projects/dp_00007/people/hmon/Shucking/07_depth/BARR_12_EKDL200012859-1a-AK11460-AK16272_HNLVYDSXY_L1_depth.gz,1.240928989,2.523041496,2.024971319,1.174102965,1,0.612813119
/home/projects/dp_00007/people/hmon/Shucking/07_depth/KALV_06_EKDL210005548-1a-AK2372-AK16292_HHJKNDSX2_L4_depth.gz,1.22945286,1.845884571,2.003998305,1.09960182,1,0.61349995
/home/projects/dp_00007/people/hmon/Shucking/07_depth/LANG_07_EKDL210005548-1a-AK11486-AK16237_HHJKNDSX2_L4_depth.gz,1.235392249,2.186247863,2.013551879,1.156778415,1,0.613538822
/home/projects/dp_00007/people/hmon/Shucking/07_depth/RIAE_22_EKDL210004788-1a-AK11572-AK16283_HHJYYDSX2_L1_depth.gz,1.248669564,2.030598019,2.035021096,1.156851412,1,0.613590476
/home/projects/dp_00007/people/hmon/Shucking/07_depth/NISS_06_EKDL210005548-1a-AK11171-AK16279_HHJKNDSX2_L4_depth.gz,1.253201526,2.590495796,2.040897172,1.195973563,1,0.614044423
/home/projects/dp_00007/people/hmon/Shucking/07_depth/SYDK_13_EKDL210004788-1a-AK11718-AK16243_HHJYYDSX2_L1_depth.gz,1.256364513,2.067185007,2.045341817,1.16777646,1,0.614256504
/home/projects/dp_00007/people/hmon/Shucking/07_depth/INNE_11_EKDL200012859-1a-AK11593-AK16256_HNLVYDSXY_L1_depth.gz,1.248747241,2.055170706,2.031324269,1.162576161,1,0.614745395
/home/projects/dp_00007/people/hmon/Shucking/07_depth/VAGS_20_EKDL210004789-1a-AK4251-AK16229_HHJYYDSX2_L2_depth.gz,1.273057186,2.132255303,2.070845455,1.171365342,1,0.614752387
/home/projects/dp_00007/people/hmon/Shucking/07_depth/MOLU_12_EKDL210005548-1a-AK11524-AK16276_HHJKNDSX2_L4_depth.gz,1.249372782,1.789117403,2.032101479,1.106333568,1,0.614818106
/home/projects/dp_00007/people/hmon/Shucking/07_depth/GREV_16_EKDL210004788-1a-AK11661-AK16241_HHJYYDSX2_L1_depth.gz,1.278934377,2.338987015,2.079573607,1.176985033,1,0.614998369
/home/projects/dp_00007/people/hmon/Shucking/07_depth/AGAB_14_EKDL200012859-1a-AK12637-AK16268_HNLVYDSXY_L1_depth.gz,1.267959928,2.051383768,2.06159375,1.175882679,1,0.615038694
/home/projects/dp_00007/people/hmon/Shucking/07_depth/NISS_31_EKDL200012859-1a-AK11603-AK16257_HNLVYDSXY_L1_depth.gz,1.255402085,1.724921152,2.041147156,1.107829934,1,0.615047318
/home/projects/dp_00007/people/hmon/Shucking/07_depth/BOVA_01_EKDL200012859-1a-AK11177-AK16280_HNLVYDSXY_L1_depth.gz,1.29758157,2.38528005,2.105588623,1.21965318,1,0.616255975
/home/projects/dp_00007/people/hmon/Shucking/07_depth/HAVS_19_EKDL210004788-1a-AK11659-AK16242_HHJYYDSX2_L1_depth.gz,1.288433752,2.082051733,2.089442812,1.185509824,1,0.616639874
/home/projects/dp_00007/people/hmon/Shucking/07_depth/WADD_14_EKDL210004788-1a-AK11475-AK16282_HHJYYDSX2_L1_depth.gz,1.253436136,2.068894395,2.031801123,1.171241238,1,0.61690887
/home/projects/dp_00007/people/hmon/Shucking/07_depth/HAFR_19_EKDL200012859-1a-AK11398-AK16264_HNLVYDSXY_L1_depth.gz,1.257998799,1.983058748,2.038043179,1.172943159,1,0.617258168
/home/projects/dp_00007/people/hmon/Shucking/07_depth/SVAL_08_EKDL210004788-1a-AK11690-AK16231_HHJYYDSX2_L1_depth.gz,1.255261257,1.755902301,2.031557729,1.115502589,1,0.617881165
/home/projects/dp_00007/people/hmon/Shucking/07_depth/HFJO_11_EKDL210004789-1a-AK11631-AK349_HHJYYDSX2_L2_depth.gz,1.301453509,2.14590942,2.097497066,1.194748113,1,0.620479299
/home/projects/dp_00007/people/hmon/Shucking/07_depth/PONT_19_EKDL210004789-1a-AK11426-AK5939_HHJYYDSX2_L2_depth.gz,1.301798332,2.015856438,2.096867825,1.206892781,1,0.620829943
/home/projects/dp_00007/people/hmon/Shucking/07_depth/HAFR_15_EKDL210004789-1a-AK11526-AK16296_HHJYYDSX2_L2_depth.gz,1.275148752,1.951883943,2.052697961,1.189101878,1,0.621206225
/home/projects/dp_00007/people/hmon/Shucking/07_depth/GREV_08_EKDL210005548-1a-AK11186-AK1268_HHJKNDSX2_L4_depth.gz,1.259890298,2.34244894,2.028082676,1.176513218,1,0.621222356
/home/projects/dp_00007/people/hmon/Shucking/07_depth/HAFR_17_EKDL210004788-1a-AK11428-AK16253_HHJYYDSX2_L1_depth.gz,1.327934346,1.947964727,2.137483801,1.206191417,1,0.621260542
/home/projects/dp_00007/people/hmon/Shucking/07_depth/LILL_03_EKDL210004789-1a-AK8204-AK9482_HHJYYDSX2_L2_depth.gz,1.317219095,2.171446494,2.118000733,1.204227178,1,0.62191626
/home/projects/dp_00007/people/hmon/Shucking/07_depth/HFJO_17_EKDL210005548-1a-AK11718-AK16243_HHJKNDSX2_L4_depth.gz,1.276727299,1.998510437,2.052238527,1.189473956,1,0.622114478
/home/projects/dp_00007/people/hmon/Shucking/07_depth/HAUG_15_a_EKDL210005548-1a-AK11659-AK16242_HHJKNDSX2_L4_depth.gz,1.267353615,1.810969496,2.034154436,1.127405839,1,0.623037068
/home/projects/dp_00007/people/hmon/Shucking/07_depth/VENO_03_EKDL210004790-1a-AK11204-AK16254_HHJYYDSX2_L3_depth.gz,1.306524054,2.300623133,2.093351956,1.215207266,1,0.624130143
/home/projects/dp_00007/people/hmon/Shucking/07_depth/ORNE_04_EKDL210004789-1a-AK11379-AK16266_HHJYYDSX2_L2_depth.gz,1.332158471,2.047995425,2.133259028,1.220182301,1,0.624471034
/home/projects/dp_00007/people/hmon/Shucking/07_depth/KALV_20_EKDL210004790-1a-AK11653-AK16291_HHJYYDSX2_L3_depth.gz,1.287489607,1.812866599,2.060662071,1.137353919,1,0.62479415
/home/projects/dp_00007/people/hmon/Shucking/07_depth/SVAL_14_EKDL210005548-1a-AK11603-AK16257_HHJKNDSX2_L4_depth.gz,1.276328896,2.037220473,2.042684708,1.195333927,1,0.624829124
/home/projects/dp_00007/people/hmon/Shucking/07_depth/GASO_16_EKDL210004788-1a-AK4251-AK16229_HHJYYDSX2_L1_depth.gz,1.298049854,1.780820929,2.077362605,1.138411465,1,0.624854732
/home/projects/dp_00007/people/hmon/Shucking/07_depth/LANG_10_EKDL210005548-1a-AK11497-AK9485_HHJKNDSX2_L4_depth.gz,1.27142582,2.013441765,2.034221167,1.192824103,1,0.625018479
/home/projects/dp_00007/people/hmon/Shucking/07_depth/HAVS_25_EKDL210004789-1a-AK11702-AK16286_HHJYYDSX2_L2_depth.gz,1.309674261,1.737507609,2.093493713,1.143382963,1,0.625592641
/home/projects/dp_00007/people/hmon/Shucking/07_depth/LOGS_07_EKDL210004790-1a-GG04-AK5420_HHJYYDSX2_L3_depth.gz,1.299619569,2.008217036,2.077278006,1.212333415,1,0.625635839
/home/projects/dp_00007/people/hmon/Shucking/07_depth/NISS_02_EKDL210004790-1a-AK11629-AK16249_HHJYYDSX2_L3_depth.gz,1.514916198,3.255959961,2.416860019,1.429212004,1,0.626811725
/home/projects/dp_00007/people/hmon/Shucking/07_depth/HAVS_09_EKDL210005548-1a-AK11675-AK16223_HHJKNDSX2_L4_depth.gz,1.296770063,1.774463239,2.064491573,1.143675495,1,0.62813047
/home/projects/dp_00007/people/hmon/Shucking/07_depth/KALV_13_EKDL210005548-1a-AK7415-AK16289_HHJKNDSX2_L4_depth.gz,1.303695948,1.821943311,2.073440663,1.148339533,1,0.628759709
/home/projects/dp_00007/people/hmon/Shucking/07_depth/RAMS_08_EKDL200012859-1a-AK12626-AK16295_HNLVYDSXY_L1_depth.gz,1.318692232,1.91835909,2.090942538,1.22673477,1,0.630668805
/home/projects/dp_00007/people/hmon/Shucking/07_depth/RAMS_05_EKDL210004790-1a-AK11591-AK16275_HHJYYDSX2_L3_depth.gz,1.304246897,1.828997876,2.067023486,1.153102839,1,0.630978267
/home/projects/dp_00007/people/hmon/Shucking/07_depth/AGAB_03_EKDL210004790-1a-AK11377-AK16262_HHJYYDSX2_L3_depth.gz,1.350371854,2.089825148,2.139766355,1.236742892,1,0.631083787
/home/projects/dp_00007/people/hmon/Shucking/07_depth/WADD_01_EKDL210004790-1a-AK11246-AK16274_HHJYYDSX2_L3_depth.gz,1.370371462,2.273326861,2.169113102,1.253541623,1,0.631765794
/home/projects/dp_00007/people/hmon/Shucking/07_depth/ZECE_22_EKDL210004788-1a-AK11593-AK16256_HHJYYDSX2_L1_depth.gz,1.349641737,2.26006613,2.136206455,1.239810712,1,0.63179368
/home/projects/dp_00007/people/hmon/Shucking/07_depth/HAUG_03_EKDL210004789-1a-AK11398-AK16264_HHJYYDSX2_L2_depth.gz,1.352725092,1.969983079,2.140324706,1.238922268,1,0.632018632
/home/projects/dp_00007/people/hmon/Shucking/07_depth/HAVS_22_EKDL210004788-1a-AK11520-AK16285_HHJYYDSX2_L1_depth.gz,1.320805218,2.262522162,2.088659018,1.231731282,1,0.632369959
/home/projects/dp_00007/people/hmon/Shucking/07_depth/HAUG_15_batch1_EKDL210004788-1a-AK11653-AK16291_HHJYYDSX2_L1_depth.gz,1.324739903,1.929751598,2.094576926,1.233665264,1,0.632461805
/home/projects/dp_00007/people/hmon/Shucking/07_depth/ZECE_20_EKDL210004788-1a-AK11675-AK16223_HHJYYDSX2_L1_depth.gz,1.358762749,2.080902067,2.147714051,1.244475816,1,0.632655334
/home/projects/dp_00007/people/hmon/Shucking/07_depth/INNE_04_EKDL210005548-1a-AK11698-AK16226_HHJKNDSX2_L4_depth.gz,1.321189198,2.157174368,2.088307833,1.230267863,1,0.632660175
/home/projects/dp_00007/people/hmon/Shucking/07_depth/ORNE_07_EKDL210005548-1a-AK11685-AK16235_HHJKNDSX2_L4_depth.gz,1.316670832,1.960389457,2.075726517,1.225433933,1,0.634318067
/home/projects/dp_00007/people/hmon/Shucking/07_depth/HAUG_07_EKDL210004788-1a-AK11158-AK16267_HHJYYDSX2_L1_depth.gz,1.349591545,1.99424161,2.126252964,1.247661629,1,0.634727649
/home/projects/dp_00007/people/hmon/Shucking/07_depth/KLEV_06_EKDL210005548-1a-AK11177-AK16280_HHJKNDSX2_L4_depth.gz,1.340267201,1.972548313,2.109489355,1.242957977,1,0.635351488
/home/projects/dp_00007/people/hmon/Shucking/07_depth/HAVS_07_EKDL210004790-1a-AK11200-AK15590_HHJYYDSX2_L3_depth.gz,1.331191485,1.984845092,2.093410783,1.24407822,1,0.635895972
/home/projects/dp_00007/people/hmon/Shucking/07_depth/HAVS_15_EKDL210004789-1a-AK11640-AK16265_HHJYYDSX2_L2_depth.gz,1.36666205,1.911768546,2.14777488,1.258137742,1,0.636315315
/home/projects/dp_00007/people/hmon/Shucking/07_depth/NELL_10_EKDL210004788-1a-AK11476-AK16258_HHJYYDSX2_L1_depth.gz,1.432560126,2.274279788,2.250905927,1.273542616,1,0.636437138
/home/projects/dp_00007/people/hmon/Shucking/07_depth/SYDK_01_EKDL210005548-1a-AK11381-AK16293_HHJKNDSX2_L4_depth.gz,1.355346427,2.075599148,2.129452049,1.244322173,1,0.636476613
/home/projects/dp_00007/people/hmon/Shucking/07_depth/KALV_16_EKDL210004789-1a-AK11475-AK16282_HHJYYDSX2_L2_depth.gz,1.443125242,2.390592019,2.266647419,1.325645408,1,0.636678307
/home/projects/dp_00007/people/hmon/Shucking/07_depth/BOVA_14_EKDL210004788-1a-AK11387-AK16228_HHJYYDSX2_L1_depth.gz,1.39118392,2.079809116,2.184275433,1.261660168,1,0.636908651
/home/projects/dp_00007/people/hmon/Shucking/07_depth/Havs_01_EKDL210004790-1a-AK11526-AK16296_HHJYYDSX2_L3_depth.gz,1.332553492,2.236685041,2.090920921,1.241318924,1,0.637304586
/home/projects/dp_00007/people/hmon/Shucking/07_depth/HAVS_06_EKDL210004790-1a-AK7016-AK16255_HHJYYDSX2_L3_depth.gz,1.328448486,1.752498396,2.083597998,1.172824093,1,0.637574276
/home/projects/dp_00007/people/hmon/Shucking/07_depth/BARR_13_EKDL200012859-1a-AK7415-AK16289_HNLVYDSXY_L1_depth.gz,1.345539027,2.039347685,2.109845397,1.251687406,1,0.63774295
/home/projects/dp_00007/people/hmon/Shucking/07_depth/CRES_13_EKDL210004790-1a-AK11398-AK16264_HHJYYDSX2_L3_depth.gz,1.372465931,2.016306785,2.149624017,1.266366473,1,0.6384679
/home/projects/dp_00007/people/hmon/Shucking/07_depth/VAGS_16_EKDL210005548-1a-AK11416-AK16269_HHJKNDSX2_L4_depth.gz,1.34713013,1.93142472,2.107142519,1.252761481,1,0.639316096
/home/projects/dp_00007/people/hmon/Shucking/07_depth/LILL_16_EKDL210004789-1a-AK11467-AK14066_HHJYYDSX2_L2_depth.gz,1.365453124,1.867415403,2.135132299,1.261934659,1,0.639516869
/home/projects/dp_00007/people/hmon/Shucking/07_depth/TOLL_15_EKDL210004790-1a-AK12629-AK16244_HHJYYDSX2_L3_depth.gz,1.477329337,3.854536036,2.307495707,1.42309468,1,0.640230589
/home/projects/dp_00007/people/hmon/Shucking/07_depth/KALV_07_EKDL210004789-1a-AK11375-AK16261_HHJYYDSX2_L2_depth.gz,1.380311885,1.920662702,2.154239893,1.269036171,1,0.640741957
/home/projects/dp_00007/people/hmon/Shucking/07_depth/MOLU_11_EKDL210004790-1a-AK11387-AK16228_HHJYYDSX2_L3_depth.gz,1.380188286,2.622989084,2.154000889,1.304671222,1,0.640755672
/home/projects/dp_00007/people/hmon/Shucking/07_depth/INNE_02_EKDL210004790-1a-AK11190-AK16270_HHJYYDSX2_depth.gz,1.604770091,3.246196022,2.50415148,1.501832006,1,0.640843856
/home/projects/dp_00007/people/hmon/Shucking/07_depth/MOLU_01_EKDL210004788-1a-AK717-5UDI1548_HHJYYDSX2_L1_depth.gz,1.386946338,2.163187396,2.163324891,1.27591425,1,0.641117912
/home/projects/dp_00007/people/hmon/Shucking/07_depth/AGAB_15_EKDL210004788-1a-AK11416-AK16269_HHJYYDSX2_L1_depth.gz,1.426318099,2.252408805,2.224499532,1.285861734,1,0.641186064
/home/projects/dp_00007/people/hmon/Shucking/07_depth/TOLL_12_EKDL210005548-1a-AK11200-AK15590_HHJKNDSX2_L4_depth.gz,1.358118123,1.845741308,2.11756026,1.259997788,1,0.641359846
/home/projects/dp_00007/people/hmon/Shucking/07_depth/HAFR_10_EKDL210004789-1a-AK11683-AK16236_HHJYYDSX2_L2_depth.gz,1.398896696,2.183978666,2.18035488,1.278435767,1,0.641591288
/home/projects/dp_00007/people/hmon/Shucking/07_depth/SVAL_10_EKDL210005548-1a-AK12637-AK16268_HHJKNDSX2_L4_depth.gz,1.357367356,2.070023701,2.114271348,1.2617408,1,0.642002436
/home/projects/dp_00007/people/hmon/Shucking/07_depth/HAUG_06_EKDL210004788-1a-AK11485-AK16252_HHJYYDSX2_L1_depth.gz,1.398012284,2.015029419,2.175164505,1.28469839,1,0.642715657
/home/projects/dp_00007/people/hmon/Shucking/07_depth/HAVS_05_EKDL200012859-1a-AK11379-AK16266_HNLVYDSXY_L1_depth.gz,1.384624552,2.370546703,2.154131117,1.308439708,1,0.642776357
/home/projects/dp_00007/people/hmon/Shucking/07_depth/WADD_11_EKDL210005548-1a-AK11677-AK5989_HHJKNDSX2_L4_depth.gz,1.360702713,2.552662425,2.116385944,1.301455169,1,0.642936945
/home/projects/dp_00007/people/hmon/Shucking/07_depth/NELL_03_EKDL200012859-1a-AK11190-AK16270_HNLVYDSXY_L1_depth.gz,1.39040343,2.017377535,2.162117519,1.288441408,1,0.643074864
/home/projects/dp_00007/people/hmon/Shucking/07_depth/VAGS_10_EKDL210005548-1a-AK11246-AK16274_HHJKNDSX2_L4_depth.gz,1.364184697,1.87856976,2.120577962,1.267632597,1,0.643307967
/home/projects/dp_00007/people/hmon/Shucking/07_depth/GASO_08_EKDL210004789-1a-AK12637-AK16268_HHJYYDSX2_L2_depth.gz,1.435145252,2.462073667,2.230820712,1.342926375,1,0.643326128
/home/projects/dp_00007/people/hmon/Shucking/07_depth/HAFR_23_EKDL200012859-1a-AK11416-AK16269_HNLVYDSXY_L1_depth.gz,1.409995627,2.330702629,2.185075687,1.328339363,1,0.645284571
/home/projects/dp_00007/people/hmon/Shucking/07_depth/INNE_15_EKDL210004789-1a-AK11605-AK16247_HHJYYDSX2_L2_depth.gz,1.440586519,2.319104596,2.230259266,1.346884115,1,0.645927826
/home/projects/dp_00007/people/hmon/Shucking/07_depth/INNE_08_EKDL200012859-1a-AK11665-AK16278_HNLVYDSXY_L1_depth.gz,1.426180864,2.234951594,2.206805751,1.29953297,1,0.646264794
/home/projects/dp_00007/people/hmon/Shucking/07_depth/KALV_23_EKDL210004789-1a-AK11726-AK16225_HHJYYDSX2_L2_depth.gz,1.404204387,2.348670056,2.172057084,1.328549901,1,0.64648595
/home/projects/dp_00007/people/hmon/Shucking/07_depth/OSTE_17_EKDL210005548-1a-AK11667-AK16287_HHJKNDSX2_L4_depth.gz,1.406765114,2.279955743,2.173904948,1.299548543,1,0.647114362
/home/projects/dp_00007/people/hmon/Shucking/07_depth/BARR_07_EKDL210004788-1a-AK11160-AK9453_HHJYYDSX2_L1_depth.gz,1.426745213,2.529156344,2.204245358,1.336388679,1,0.647271506
/home/projects/dp_00007/people/hmon/Shucking/07_depth/LILL_04_EKDL200012859-1a-AK11608-AK2002_HNLVYDSXY_L1_depth.gz,1.404844805,2.040546404,2.170049672,1.293138585,1,0.647379101
/home/projects/dp_00007/people/hmon/Shucking/07_depth/KLEV_10_EKDL210004790-1a-AK11381-AK16293_HHJYYDSX2_L3_depth.gz,1.431298856,2.17683649,2.206429178,1.309136348,1,0.648694674
/home/projects/dp_00007/people/hmon/Shucking/07_depth/WADD_10_EKDL210004789-1a-AK11460-AK16272_HHJYYDSX2_L2_depth.gz,1.48203889,2.801128517,2.283021694,1.399059818,1,0.649156727
/home/projects/dp_00007/people/hmon/Shucking/07_depth/GASO_04_EKDL210004789-1a-AK7016-AK16255_HHJYYDSX2_L2_depth.gz,1.438936581,1.945956607,2.214604927,1.311435629,1,0.649748659
/home/projects/dp_00007/people/hmon/Shucking/07_depth/LILL_05_EKDL210005548-1a-AK11433-AK13293_HHJKNDSX2_L4_depth.gz,1.399381023,1.990197526,2.153407074,1.291693238,1,0.649845094
/home/projects/dp_00007/people/hmon/Shucking/07_depth/OSTE_10_EKDL210004789-1a-AK11479-AK16234_HHJYYDSX2_L2_depth.gz,1.460190828,2.049934095,2.242874076,1.330721047,1,0.651035581
/home/projects/dp_00007/people/hmon/Shucking/07_depth/LILL_12_EKDL210004789-1a-AK11186-AK1268_HHJYYDSX2_L2_depth.gz,1.450577119,2.13189479,2.224973084,1.320415694,1,0.651952659
/home/projects/dp_00007/people/hmon/Shucking/07_depth/NELL_14_EKDL210004790-1a-AK11467-AK14066_HHJYYDSX2_L3_depth.gz,1.443099622,2.001858821,2.211743015,1.31928935,1,0.652471654
/home/projects/dp_00007/people/hmon/Shucking/07_depth/ZECE_16_EKDL210005548-1a-AK11384-AK16224_HHJKNDSX2_L4_depth.gz,1.437338154,2.223992965,2.20206061,1.31651813,1,0.652724156
/home/projects/dp_00007/people/hmon/Shucking/07_depth/LANG_15_EKDL210004790-1a-AK11674-AK2690_HHJYYDSX2_L3_depth.gz,1.45284819,2.028830607,2.225531883,1.32534147,1,0.652809425
/home/projects/dp_00007/people/hmon/Shucking/07_depth/HAVS_11_EKDL210004788-1a-AK11426-AK5939_HHJYYDSX2_L1_depth.gz,1.446902301,2.242611236,2.216380917,1.321839395,1,0.652822035
/home/projects/dp_00007/people/hmon/Shucking/07_depth/AGAB_06_EKDL200012859-1a-AK11456-AK16260_HNLVYDSXY_L1_depth.gz,1.470061101,2.315874186,2.251124288,1.376574728,1,0.653034179
/home/projects/dp_00007/people/hmon/Shucking/07_depth/Havs_06_EKDL210004790-1a-AK11528-AK14283_HHJYYDSX2_L3_depth.gz,1.438929889,2.112869611,2.202342216,1.32043152,1,0.653363441
/home/projects/dp_00007/people/hmon/Shucking/07_depth/RAMS_09_EKDL200012859-1a-AK11464-AK16277_HNLVYDSXY_L1_depth.gz,1.499279782,2.532796047,2.292533059,1.387936649,1,0.653983931
/home/projects/dp_00007/people/hmon/Shucking/07_depth/GREV_06_EKDL210005548-1a-AK11640-AK16265_HHJKNDSX2_L4_depth.gz,1.414181185,2.510366692,2.162011219,1.344402279,1,0.654104462
/home/projects/dp_00007/people/hmon/Shucking/07_depth/VAGS_19_EKDL210004790-1a-AK11497-AK9485_HHJYYDSX2_L3_depth.gz,1.447761514,2.052824305,2.212732734,1.325446704,1,0.654286662
/home/projects/dp_00007/people/hmon/Shucking/07_depth/RAMS_04_EKDL200012859-1a-AK11702-AK16286_HNLVYDSXY_L1_depth.gz,1.462047773,2.253253368,2.232961748,1.332400722,1,0.654757196
/home/projects/dp_00007/people/hmon/Shucking/07_depth/LOGS_08_EKDL210004790-1a-AK11640-AK16265_HHJYYDSX2_L3_depth.gz,1.471512379,2.177584195,2.246650633,1.342020521,1,0.654980511
/home/projects/dp_00007/people/hmon/Shucking/07_depth/LANG_18_EKDL210005548-1a-AK11710-AK16288_HHJKNDSX2_L4_depth.gz,1.445577224,2.45888214,2.202428181,1.373778996,1,0.656356124
/home/projects/dp_00007/people/hmon/Shucking/07_depth/BOVA_08_EKDL210004789-1a-AK11401-AK7949_HHJYYDSX2_L2_depth.gz,1.498165306,2.007691763,2.282118603,1.348789979,1,0.656480038
/home/projects/dp_00007/people/hmon/Shucking/07_depth/HAFR_99_EKDL200012859-1a-AK11401-AK7949_HNLVYDSXY_L1_depth.gz,1.449791681,2.136991862,2.207963912,1.331666377,1,0.656619283
/home/projects/dp_00007/people/hmon/Shucking/07_depth/KALV_12_EKDL210005548-1a-AK11464-AK16277_HHJKNDSX2_L4_depth.gz,1.443869639,1.868625737,2.195784837,1.328119304,1,0.657564263
/home/projects/dp_00007/people/hmon/Shucking/07_depth/GREV_15_EKDL210004790-1a-AK12626-AK16295_HHJYYDSX2_L3_depth.gz,1.514386243,2.425992191,2.301093534,1.418302755,1,0.6581159
/home/projects/dp_00007/people/hmon/Shucking/07_depth/RIAE_07_EKDL210004788-1a-AK11473-AK16281_HHJYYDSX2_L1_depth.gz,1.474417076,2.157549217,2.239268764,1.34193505,1,0.658436852
/home/projects/dp_00007/people/hmon/Shucking/07_depth/RAMS_02_EKDL200012859-1a-AK11629-AK16249_HNLVYDSXY_L1_depth.gz,1.459122498,1.864446646,2.215977251,1.344714441,1,0.65845554
/home/projects/dp_00007/people/hmon/Shucking/07_depth/GASO_12_EKDL210004790-1a-AK11630-AK16248_HHJYYDSX2_L3_depth.gz,1.45698777,1.928672061,2.211884232,1.338237142,1,0.658708873
/home/projects/dp_00007/people/hmon/Shucking/07_depth/CORS_08_EKDL210005548-1a-AK11495-AK16238_HHJKNDSX2_L4_depth.gz,1.472761848,2.372904303,2.234933546,1.4008584,1,0.65897344
/home/projects/dp_00007/people/hmon/Shucking/07_depth/RAMS_03_EKDL210005548-1a-AK11526-AK16296_HHJKNDSX2_L4_depth.gz,1.443911498,2.150998615,2.191107941,1.33117768,1,0.658986931
/home/projects/dp_00007/people/hmon/Shucking/07_depth/FURI_02_EKDL210004789-1a-AK11520-AK16285_HHJYYDSX2_L2_depth.gz,1.487491832,1.980039009,2.255325915,1.358750666,1,0.659546287
/home/projects/dp_00007/people/hmon/Shucking/07_depth/HAUG_01_EKDL210004790-1a-AK11615-AK16297_HHJYYDSX2_L3_depth.gz,1.494333285,2.328351498,2.263888989,1.411396199,1,0.660073569
/home/projects/dp_00007/people/hmon/Shucking/07_depth/HAUG_18_EKDL210005548-1a-AK11471-AK16271_HHJKNDSX2_L4_depth.gz,1.457921324,2.381243305,2.204614544,1.388287703,1,0.661304412
/home/projects/dp_00007/people/hmon/Shucking/07_depth/SYDK_09_EKDL210004788-1a-AK11495-AK16238_HHJYYDSX2_L1_depth.gz,1.528489352,2.605271113,2.311253485,1.424741701,1,0.661324845
/home/projects/dp_00007/people/hmon/Shucking/07_depth/GREV_11_EKDL200012859-1a-AK11490-AK14430_HNLVYDSXY_L1_depth.gz,1.501749985,2.069206199,2.26988986,1.358331397,1,0.661595971
/home/projects/dp_00007/people/hmon/Shucking/07_depth/TOLL_03_EKDL210004788-1a-AK11164-AK16239_HHJYYDSX2_L1_depth.gz,1.534065686,2.401565622,2.317503353,1.412926192,1,0.661947558
/home/projects/dp_00007/people/hmon/Shucking/07_depth/HAVS_05_a_batch1_EKDL210004788-1a-AK11598-AK16273_HHJYYDSX2_L1_depth.gz,1.50727376,2.723846052,2.276445323,1.407818683,1,0.662117269
/home/projects/dp_00007/people/hmon/Shucking/07_depth/HAVS_17_EKDL210005548-1a-AK11160-AK9453_HHJKNDSX2_L4_depth.gz,1.473886717,2.228010704,2.225806989,1.350932248,1,0.662180829
/home/projects/dp_00007/people/hmon/Shucking/07_depth/BOVA_06_EKDL210004789-1a-AK11572-AK16283_HHJYYDSX2_L2_depth.gz,1.52263411,2.343393364,2.298808263,1.417750546,1,0.662358029
/home/projects/dp_00007/people/hmon/Shucking/07_depth/BARR_02_EKDL210004789-1a-AK11506-AK16290_HHJYYDSX2_L2_depth.gz,1.487917583,3.237070209,2.245978843,1.413319112,1,0.662480676
/home/projects/dp_00007/people/hmon/Shucking/07_depth/HFJO_14_EKDL210005548-1a-AK11615-AK16297_HHJKNDSX2_L4_depth.gz,1.467626627,1.998054341,2.215168529,1.349703844,1,0.662534976
/home/projects/dp_00007/people/hmon/Shucking/07_depth/BOVA_04_EKDL210004790-1a-AK11608-AK2002_HHJYYDSX2_L3_depth.gz,1.48713201,2.265674182,2.243911061,1.399065156,1,0.662741066
/home/projects/dp_00007/people/hmon/Shucking/07_depth/ORNE_05_EKDL210004789-1a-AK11718-AK16243_HHJYYDSX2_L2_depth.gz,1.478867291,2.005406003,2.230579103,1.358412189,1,0.662997017
/home/projects/dp_00007/people/hmon/Shucking/07_depth/NISS_21_EKDL200012859-1a-AK11497-AK9485_HNLVYDSXY_L1_depth.gz,1.519830143,2.280124446,2.290087659,1.425380124,1,0.663655881
/home/projects/dp_00007/people/hmon/Shucking/07_depth/Havs_09_EKDL210004789-1a-AK11667-AK16287_HHJYYDSX2_L2_depth.gz,1.497385801,2.152136543,2.254528731,1.367531766,1,0.664167983
/home/projects/dp_00007/people/hmon/Shucking/07_depth/LANG_17_EKDL210004789-1a-AK11171-AK16279_HHJYYDSX2_L2_depth.gz,1.545073891,2.373000148,2.326030067,1.437116318,1,0.664253619
/home/projects/dp_00007/people/hmon/Shucking/07_depth/PONT_17_EKDL210004788-1a-AK11665-AK16278_HHJYYDSX2_L1_depth.gz,1.51293815,2.261661069,2.276608627,1.423808818,1,0.664557857
/home/projects/dp_00007/people/hmon/Shucking/07_depth/INNE_01_EKDL210004790-1a-AK11208-AK16233_HHJYYDSX2_L3_depth.gz,1.540009282,2.407049998,2.316759968,1.443192441,1,0.664725437
/home/projects/dp_00007/people/hmon/Shucking/07_depth/RIAE_11_EKDL210005548-1a-AK11158-AK16267_HHJKNDSX2_L4_depth.gz,1.484961477,2.067501358,2.229853485,1.36183771,1,0.665945762
/home/projects/dp_00007/people/hmon/Shucking/07_depth/KLEV_01_EKDL210004790-1a-AK4251-AK16229_HHJYYDSX2_L3_depth.gz,1.499723409,2.21192804,2.251642448,1.380013889,1,0.666057531
/home/projects/dp_00007/people/hmon/Shucking/07_depth/VENO_14_EKDL210004788-1a-AK11519-AK16232_HHJYYDSX2_L1_depth.gz,1.520807454,2.501423819,2.280918077,1.430639082,1,0.666752335
/home/projects/dp_00007/people/hmon/Shucking/07_depth/HAUG_14_EKDL210004788-1a-AK11506-AK16290_HHJYYDSX2_L1_depth.gz,1.516006679,2.063931273,2.272886845,1.383487687,1,0.666996108
/home/projects/dp_00007/people/hmon/Shucking/07_depth/VENO_09_EKDL210004788-1a-AK11685-AK16235_HHJYYDSX2_L1_depth.gz,1.520709579,2.558866536,2.279111186,1.425760352,1,0.667237995
/home/projects/dp_00007/people/hmon/Shucking/07_depth/VAGS_04_EKDL210004788-1a-AK11490-AK14430_HHJYYDSX2_L1_depth.gz,1.520521305,2.571909466,2.278764567,1.434089257,1,0.667256867
/home/projects/dp_00007/people/hmon/Shucking/07_depth/SVAL_05_EKDL200012859-1a-AK11726-AK16225_HNLVYDSXY_L1_depth.gz,1.520781683,2.369586705,2.277433304,1.429926161,1,0.667761238
/home/projects/dp_00007/people/hmon/Shucking/07_depth/SYDK_11_EKDL210004790-1a-AK11702-AK16286_HHJYYDSX2_L3_depth.gz,1.495671351,2.349565782,2.239578442,1.425247764,1,0.667836108
/home/projects/dp_00007/people/hmon/Shucking/07_depth/MOLU_08_EKDL210004788-1a-AK11171-AK16279_HHJYYDSX2_L1_depth.gz,1.534879514,2.441973703,2.295807153,1.443290966,1,0.668557684
/home/projects/dp_00007/people/hmon/Shucking/07_depth/INNE_09_EKDL210004788-1a-AK11726-AK16225_HHJYYDSX2_L1_depth.gz,1.514205833,2.334703236,2.264182729,1.428640997,1,0.668764854
/home/projects/dp_00007/people/hmon/Shucking/07_depth/LILL_15_EKDL210004790-1a-AK10139-AK9682_HHJYYDSX2_L3_depth.gz,1.500683177,2.197828444,2.243701373,1.369147791,1,0.668842652
/home/projects/dp_00007/people/hmon/Shucking/07_depth/OSTE_02_EKDL210004788-1a-AK11486-AK16237_HHJYYDSX2_L1_depth.gz,1.60605123,2.555887241,2.400720053,1.487943334,1,0.668987302
/home/projects/dp_00007/people/hmon/Shucking/07_depth/VENO_05_EKDL210004789-1a-AK11246-AK16274_HHJYYDSX2_L2_depth.gz,1.533991463,2.516022656,2.291974315,1.444028471,1,0.669288243
/home/projects/dp_00007/people/hmon/Shucking/07_depth/HAFR_04_EKDL210004790-1a-AK11436-AK16240_HHJYYDSX2_L3_depth.gz,1.542635946,2.248961968,2.303239548,1.447960191,1,0.669767913
/home/projects/dp_00007/people/hmon/Shucking/07_depth/Havs_05_batch3_EKDL210004790-1a-AK11195-AK16227_HHJYYDSX2_L3_depth.gz,1.549380206,2.198103587,2.311448567,1.40017008,1,0.670307022
/home/projects/dp_00007/people/hmon/Shucking/07_depth/LILL_02_EKDL210004789-1a-AK11464-AK16277_HHJYYDSX2_L2_depth.gz,1.5351088,2.41865483,2.289758236,1.446268279,1,0.670423967
/home/projects/dp_00007/people/hmon/Shucking/07_depth/FURI_06_EKDL210004789-1a-AK11160-AK9453_HHJYYDSX2_L2_depth.gz,1.604427885,2.376496767,2.389919431,1.477351811,1,0.67133137
/home/projects/dp_00007/people/hmon/Shucking/07_depth/RAMS_06_EKDL210004788-1a-AK11398-AK16264_HHJYYDSX2_L1_depth.gz,1.533365429,2.170118766,2.282993876,1.395733378,1,0.671646755
/home/projects/dp_00007/people/hmon/Shucking/07_depth/VADE_07_EKDL210004788-1a-AK11692-AK16230_HHJYYDSX2_L1_depth.gz,1.540233882,2.092569701,2.292797378,1.397968117,1,0.671770605
/home/projects/dp_00007/people/hmon/Shucking/07_depth/RIAE_13_EKDL200012859-1a-AK11512-AK16284_HNLVYDSXY_L1_depth.gz,1.53936736,2.093402681,2.291399549,1.40465162,1,0.671802244
/home/projects/dp_00007/people/hmon/Shucking/07_depth/LANG_06_EKDL210005548-1a-AK11164-AK16239_HHJKNDSX2_L4_depth.gz,1.546944113,2.988632267,2.30154826,1.482842518,1,0.672131947
/home/projects/dp_00007/people/hmon/Shucking/07_depth/RIAE_10_EKDL210005548-1a-AK11608-AK2002_HHJKNDSX2_L4_depth.gz,1.520746014,2.193801052,2.259314383,1.389668539,1,0.673100665
/home/projects/dp_00007/people/hmon/Shucking/07_depth/BOVA_07_EKDL210005548-1a-AK7685-AK16294_HHJKNDSX2_L4_depth.gz,1.562968201,2.272744523,2.319925888,1.465463677,1,0.673714712
/home/projects/dp_00007/people/hmon/Shucking/07_depth/HFJO_09_EKDL210004790-1a-AK11379-AK16266_HHJYYDSX2_L3_depth.gz,1.561362121,2.471092031,2.314257647,1.461286255,1,0.674670827
/home/projects/dp_00007/people/hmon/Shucking/07_depth/COLN_01_EKDL210004789-1a-AK11204-AK16254_HHJYYDSX2_L2_depth.gz,1.549092372,2.029629471,2.29492661,1.403026104,1,0.675007368
/home/projects/dp_00007/people/hmon/Shucking/07_depth/RIAE_21_EKDL210004788-1a-AK11449-AK16245_HHJYYDSX2_L1_depth.gz,1.549791628,2.070839521,2.2927161,1.416688619,1,0.675963163
/home/projects/dp_00007/people/hmon/Shucking/07_depth/BARR_01_EKDL210005548-1a-AK11598-AK16273_HHJKNDSX2_L4_depth.gz,1.551334788,2.220262574,2.294200758,1.411635653,1,0.676198359
/home/projects/dp_00007/people/hmon/Shucking/07_depth/NELL_32_EKDL200012859-1a-AK11631-AK349_HNLVYDSXY_L1_depth.gz,1.583890613,2.093453642,2.34150649,1.428585268,1,0.676440838
/home/projects/dp_00007/people/hmon/Shucking/07_depth/NELL_13_EKDL210004788-1a-AK8204-AK9482_HHJYYDSX2_L1_depth.gz,1.596734171,2.263262963,2.356733186,1.488094211,1,0.677520128
/home/projects/dp_00007/people/hmon/Shucking/07_depth/GASO_05_EKDL210004788-1a-AK10139-AK9682_HHJYYDSX2_L1_depth.gz,1.595202675,2.310132652,2.351732507,1.490629742,1,0.678309574
/home/projects/dp_00007/people/hmon/Shucking/07_depth/SYDK_10_EKDL210004790-1a-AK11690-AK16231_HHJYYDSX2_L3_depth.gz,1.621610312,2.52652071,2.389260887,1.502434517,1,0.67870793
/home/projects/dp_00007/people/hmon/Shucking/07_depth/COLN_09_EKDL210004788-1a-AK11440-AK16251_HHJYYDSX2_L1_depth.gz,1.653654812,2.300520741,2.434952794,1.519158977,1,0.679132186
/home/projects/dp_00007/people/hmon/Shucking/07_depth/ZECE_17_EKDL210005548-1a-AK10139-AK9682_HHJKNDSX2_L4_depth.gz,1.589443627,2.161135296,2.339595589,1.438043057,1,0.679366825
/home/projects/dp_00007/people/hmon/Shucking/07_depth/SYDK_03_EKDL210004790-1a-AK11475-AK16282_HHJYYDSX2_L3_depth.gz,1.577826906,2.268224896,2.317867687,1.493477592,1,0.680723458
/home/projects/dp_00007/people/hmon/Shucking/07_depth/LANG_12_EKDL210004788-1a-AK11200-AK15590_HHJYYDSX2_L1_depth.gz,1.587109872,1.94001922,2.328602362,1.446197527,1,0.681571873
/home/projects/dp_00007/people/hmon/Shucking/07_depth/ZECE_14_EKDL210004790-1a-AK11656-AK574_HHJYYDSX2_L3_depth.gz,1.624400251,2.134021607,2.37706189,1.458800189,1,0.683364728
/home/projects/dp_00007/people/hmon/Shucking/07_depth/PONT_07_EKDL210004788-1a-AK11528-AK14283_HHJYYDSX2_L1_depth.gz,1.701482162,2.755132845,2.488915784,1.579210756,1,0.683623838
/home/projects/dp_00007/people/hmon/Shucking/07_depth/Havs_04_EKDL210004790-1a-AK11186-AK1268_HHJYYDSX2_L3_depth.gz,1.602430989,2.366199431,2.34335202,1.501246774,1,0.683820005
/home/projects/dp_00007/people/hmon/Shucking/07_depth/NISS_03_EKDL210005548-1a-AK11375-AK16261_HHJKNDSX2_L4_depth.gz,1.686699497,3.529729974,2.465901671,1.611787766,1,0.684009228
/home/projects/dp_00007/people/hmon/Shucking/07_depth/HAVS_14_EKDL210004790-1a-AK11486-AK16237_HHJYYDSX2_L3_depth.gz,1.624322811,2.560724976,2.368597665,1.524962252,1,0.685774049
/home/projects/dp_00007/people/hmon/Shucking/07_depth/LOGS_05_EKDL210004790-1a-AK11726-AK16225_HHJYYDSX2_L3_depth.gz,1.749191315,2.862130918,2.548567411,1.646791982,1,0.686342965
/home/projects/dp_00007/people/hmon/Shucking/07_depth/AGAB_05_EKDL210004789-1a-AK11659-AK16242_HHJYYDSX2_L2_depth.gz,1.688886739,3.197403828,2.458390676,1.613408742,1,0.686988751
/home/projects/dp_00007/people/hmon/Shucking/07_depth/GASO_09_EKDL210004790-1a-AK11683-AK16236_HHJYYDSX2_L3_depth.gz,1.669082318,2.213108818,2.429054042,1.553046452,1,0.687132641
/home/projects/dp_00007/people/hmon/Shucking/07_depth/HFJO_18_EKDL210005548-1a-AK11190-AK16270_HHJKNDSX2_L4_depth.gz,1.630969861,2.161233943,2.372350197,1.468523122,1,0.68749119
/home/projects/dp_00007/people/hmon/Shucking/07_depth/HAUG_12_EKDL210004789-1a-AK11473-AK16281_HHJYYDSX2_L2_depth.gz,1.691574813,2.896753211,2.458399372,1.601213741,1,0.688079745
/home/projects/dp_00007/people/hmon/Shucking/07_depth/HAUG_09_EKDL200012859-1a-AK11186-AK1268_HNLVYDSXY_L1_depth.gz,1.638923993,2.348127081,2.381110294,1.533203774,1,0.688302427
/home/projects/dp_00007/people/hmon/Shucking/07_depth/LANG_14_EKDL210004788-1a-AK11433-AK13293_HHJYYDSX2_L1_depth.gz,1.761617826,2.942483324,2.558123438,1.630549747,1,0.688636756
/home/projects/dp_00007/people/hmon/Shucking/07_depth/OSTE_03_EKDL210005548-1a-AK11387-AK16228_HHJKNDSX2_L4_depth.gz,1.699208397,2.415175239,2.466298075,1.574904013,1,0.688971221
/home/projects/dp_00007/people/hmon/Shucking/07_depth/VADE_01_EKDL210004788-1a-AK11629-AK16249_HHJYYDSX2_L1_depth.gz,1.710617853,2.339379724,2.479680482,1.576792019,1,0.689854143
/home/projects/dp_00007/people/hmon/Shucking/07_depth/HAVS_12_EKDL210004790-1a-AK11164-AK16239_HHJYYDSX2_L3_depth.gz,1.720224118,2.829153799,2.493372903,1.634637736,1,0.68991851
/home/projects/dp_00007/people/hmon/Shucking/07_depth/GREV_03_EKDL210004788-1a-AK11631-AK349_HHJYYDSX2_L1_depth.gz,1.675882012,3.149167707,2.428004396,1.588692872,1,0.690230221
/home/projects/dp_00007/people/hmon/Shucking/07_depth/HAFR_25_EKDL200012859-1a-AK11375-AK16261_HNLVYDSXY_L1_depth.gz,1.683174444,2.619205895,2.435933527,1.569523305,1,0.690977166
/home/projects/dp_00007/people/hmon/Shucking/07_depth/MOLU_04_EKDL210004788-1a-AK11714-AK16250_HHJYYDSX2_L1_depth.gz,1.749419006,2.576324876,2.530793355,1.59379092,1,0.6912532
/home/projects/dp_00007/people/hmon/Shucking/07_depth/COLN_07_EKDL210004788-1a-AK7685-AK16294_HHJYYDSX2_L1_depth.gz,1.693347768,2.365798064,2.448604176,1.567642308,1,0.691556351
/home/projects/dp_00007/people/hmon/Shucking/07_depth/HFJO_12_EKDL210005548-1a-AK11208-AK16233_HHJKNDSX2_L4_depth.gz,1.685574024,2.207417334,2.436272142,1.568735065,1,0.691866067
/home/projects/dp_00007/people/hmon/Shucking/07_depth/TOLL_06_EKDL210004790-1a-AK11460-AK16272_HHJYYDSX2_L3_depth.gz,1.66196348,2.19276594,2.401918419,1.556679172,1,0.691931694
/home/projects/dp_00007/people/hmon/Shucking/07_depth/HAUG_15_a_batch3_EKDL210004790-1a-AK11401-AK7949_HHJYYDSX2_L3_depth.gz,1.668659576,2.23549555,2.407048101,1.566226589,1,0.693238982
/home/projects/dp_00007/people/hmon/Shucking/07_depth/VAGS_17_EKDL210004790-1a-AK11582-AK8205_HHJYYDSX2_L3_depth.gz,1.718182232,2.760292643,2.478319,1.63245121,1,0.693285341
/home/projects/dp_00007/people/hmon/Shucking/07_depth/VAGS_12_EKDL210004790-1a-AK11603-AK16257_HHJYYDSX2_L3_depth.gz,1.676911039,2.177043542,2.418486014,1.564163915,1,0.693372229
/home/projects/dp_00007/people/hmon/Shucking/07_depth/INNE_21_EKDL210004789-1a-AK11714-AK16250_HHJYYDSX2_L2_depth.gz,1.723630248,2.587293328,2.485008901,1.591060832,1,0.693611298
/home/projects/dp_00007/people/hmon/Shucking/07_depth/HFJO_08_EKDL210005548-1a-AK11519-AK16232_HHJKNDSX2_L4_depth.gz,1.714172005,2.344583134,2.470509446,1.588040656,1,0.693853653
/home/projects/dp_00007/people/hmon/Shucking/07_depth/AGAB_20_EKDL210005548-1a-AK11178-AK16246_HHJKNDSX2_L4_depth.gz,1.715156096,2.470135353,2.471919104,1.596916271,1,0.693856079
/home/projects/dp_00007/people/hmon/Shucking/07_depth/RIAE_16_EKDL210004790-1a-AK11698-AK16226_HHJYYDSX2_L3_depth.gz,1.837104037,3.832724222,2.643720116,1.758105799,1,0.694893543
/home/projects/dp_00007/people/hmon/Shucking/07_depth/OSTE_20_EKDL210005548-1a-AK11476-AK16258_HHJKNDSX2_L4_depth.gz,1.74258312,2.38862645,2.507102293,1.613216565,1,0.695058644
/home/projects/dp_00007/people/hmon/Shucking/07_depth/SVAL_18_EKDL210005548-1a-AK11605-AK16247_HHJKNDSX2_L4_depth.gz,1.709382211,2.23341219,2.45911453,1.589459514,1,0.695121024
/home/projects/dp_00007/people/hmon/Shucking/07_depth/GREV_17_EKDL210005548-1a-AK11490-AK14430_HHJKNDSX2_L4_depth.gz,1.698644419,2.393121358,2.439494686,1.582068533,1,0.696309948
/home/projects/dp_00007/people/hmon/Shucking/07_depth/NELL_11_EKDL210004789-1a-AK11630-AK16248_HHJYYDSX2_L2_depth.gz,1.745641066,2.633254611,2.505197619,1.630880842,1,0.69680773
/home/projects/dp_00007/people/hmon/Shucking/07_depth/TOLL_02_EKDL210004789-1a-AK11598-AK16273_HHJYYDSX2_L2_depth.gz,1.750604797,2.54093908,2.510585902,1.600795403,1,0.697289344
/home/projects/dp_00007/people/hmon/Shucking/07_depth/MOLU_13_EKDL210004788-1a-AK11605-AK16247_HHJYYDSX2_L1_depth.gz,1.738634775,2.600304745,2.492884271,1.610037742,1,0.697439025
/home/projects/dp_00007/people/hmon/Shucking/07_depth/KALV_19_EKDL210004790-1a-AK11416-AK16269_HHJYYDSX2_L3_depth.gz,1.714837462,2.363995726,2.458377971,1.598552838,1,0.697548336
/home/projects/dp_00007/people/hmon/Shucking/07_depth/COLN_08_EKDL210004790-1a-AK11433-AK13293_HHJYYDSX2_L3_depth.gz,1.885529049,2.793979593,2.6988862,1.746434337,1,0.698632291
/home/projects/dp_00007/people/hmon/Shucking/07_depth/HAVS_05_EKDL210004790-1a-AK11520-AK16285_HHJYYDSX2_L3_depth.gz,1.734954483,2.680734031,2.482807728,1.643796098,1,0.69878729
/home/projects/dp_00007/people/hmon/Shucking/07_depth/GREV_07_EKDL200012859-1a-AK11381-AK16293_HNLVYDSXY_L1_depth.gz,1.734594019,2.455690273,2.478068561,1.61334073,1,0.699978219
/home/projects/dp_00007/people/hmon/Shucking/07_depth/OSTE_19_EKDL210004789-1a-AK11608-AK2002_HHJYYDSX2_L2_depth.gz,1.785968164,2.240589302,2.547049268,1.650126069,1,0.701191055
/home/projects/dp_00007/people/hmon/Shucking/07_depth/VAGS_08_EKDL210004788-1a-AK11177-AK16280_HHJYYDSX2_L1_depth.gz,1.744329982,2.453960934,2.487257004,1.627304585,1,0.701306692
/home/projects/dp_00007/people/hmon/Shucking/07_depth/AGAB_07_01_EKDL200012859-1a-AK11401-AK7949_HNLVYDSXY_L1_depth.gz,1.780603833,2.368225904,2.537994125,1.633815452,1,0.701579178
/home/projects/dp_00007/people/hmon/Shucking/07_depth/LOGS_12_EKDL210004788-1a-AK11401-AK7949_HHJYYDSX2_L1_depth.gz,1.773121099,2.444217192,2.52628351,1.639847314,1,0.701869403
/home/projects/dp_00007/people/hmon/Shucking/07_depth/COLN_04_EKDL210004789-1a-AK11665-AK16278_HHJYYDSX2_L2_depth.gz,1.804225293,2.950110477,2.56607859,1.687721083,1,0.703106016
/home/projects/dp_00007/people/hmon/Shucking/07_depth/LILL_11_EKDL210004789-1a-AK11471-AK16271_HHJYYDSX2_L2_depth.gz,1.782867233,2.695463904,2.534880916,1.68684422,1,0.703333723
/home/projects/dp_00007/people/hmon/Shucking/07_depth/KLEV_02_EKDL210004790-1a-AK11168-AK16259_HHJYYDSX2_L3_depth.gz,1.754547204,2.630988336,2.487384728,1.67118435,1,0.705378297
/home/projects/dp_00007/people/hmon/Shucking/07_depth/PONT_13_EKDL210004789-1a-AK11456-AK16260_HHJYYDSX2_L2_depth.gz,1.80412889,3.015405064,2.550608071,1.701981361,1,0.707332855
/home/projects/dp_00007/people/hmon/Shucking/07_depth/MOLU_03_EKDL200012859-1a-AK11160-AK9453_HNLVYDSXY_L1_depth.gz,1.816136236,2.881579492,2.567219346,1.706460872,1,0.707433215
/home/projects/dp_00007/people/hmon/Shucking/07_depth/HAUG_13_EKDL210004789-1a-AK11208-AK16233_HHJYYDSX2_L2_depth.gz,1.872040381,2.643623682,2.646184428,1.726087533,1,0.707448945
/home/projects/dp_00007/people/hmon/Shucking/07_depth/BARR_06_EKDL210005548-1a-AK11456-AK16260_HHJKNDSX2_L4_depth.gz,1.777751678,2.466406688,2.511660683,1.638066139,1,0.707799302
/home/projects/dp_00007/people/hmon/Shucking/07_depth/NELL_07_EKDL210004790-1a-AK11490-AK14430_HHJYYDSX2_L3_depth.gz,2.058051126,3.690594917,2.898552761,1.943001501,2,0.71002714
/home/projects/dp_00007/people/hmon/Shucking/07_depth/CORS_06_EKDL210004790-1a-AK11464-AK16277_HHJYYDSX2_L3_depth.gz,1.841820122,2.63508798,2.586627198,1.734721158,1,0.712054726
/home/projects/dp_00007/people/hmon/Shucking/07_depth/SVAL_07_EKDL210004790-1a-AK11675-AK16223_HHJYYDSX2_L3_depth.gz,1.855653875,2.570426125,2.604503758,1.699384696,1,0.712478863
/home/projects/dp_00007/people/hmon/Shucking/07_depth/VENO_07_EKDL210004789-1a-AK11436-AK16240_HHJYYDSX2_L2_depth.gz,1.842009764,2.619316741,2.575194428,1.736631631,1,0.715289589
/home/projects/dp_00007/people/hmon/Shucking/07_depth/VADE_05_EKDL210004788-1a-AK11591-AK16275_HHJYYDSX2_L1_depth.gz,1.882751649,3.154731492,2.629199146,1.79516974,2,0.716093207
/home/projects/dp_00007/people/hmon/Shucking/07_depth/HAUG_15_a_EKDL200012859-1a-AK11526-AK16296_HNLVYDSXY_L1_depth.gz,1.910254237,3.01445762,2.662552395,1.78914428,2,0.717452261
/home/projects/dp_00007/people/hmon/Shucking/07_depth/BARR_11_EKDL210004789-1a-AK11177-AK16280_HHJYYDSX2_L2_depth.gz,1.920551372,2.639390871,2.673261017,1.786218759,2,0.718430172
/home/projects/dp_00007/people/hmon/Shucking/07_depth/RAMS_14_EKDL210005548-1a-AK11379-AK16266_HHJKNDSX2_L4_depth.gz,1.837041187,2.360288653,2.553945929,1.709586727,1,0.719295254
/home/projects/dp_00007/people/hmon/Shucking/07_depth/TOLL_01_EKDL210004788-1a-AK11190-AK16270_HHJYYDSX2_L1_depth.gz,1.901549505,2.959244307,2.642328167,1.786555858,2,0.719649258
/home/projects/dp_00007/people/hmon/Shucking/07_depth/LOGS_18_EKDL210004789-1a-AK11685-AK16235_HHJYYDSX2_L2_depth.gz,1.905465496,2.638988774,2.647677716,1.791458926,2,0.719674258
/home/projects/dp_00007/people/hmon/Shucking/07_depth/RIAE_15_EKDL210004788-1a-AK11186-AK1268_HHJYYDSX2_L1_depth.gz,1.916778218,2.989261838,2.659590485,1.789428069,2,0.720704269
/home/projects/dp_00007/people/hmon/Shucking/07_depth/AGAB_11_EKDL210004790-1a-AK11471-AK16271_HHJYYDSX2_L3_depth.gz,1.914209532,2.32299718,2.655745682,1.763527081,2,0.720780437
/home/projects/dp_00007/people/hmon/Shucking/07_depth/AGAB_19_EKDL210004789-1a-AK11690-AK16231_HHJYYDSX2_L2_depth.gz,1.955709335,2.819194395,2.71295467,1.820554374,2,0.720877999
/home/projects/dp_00007/people/hmon/Shucking/07_depth/INNE_05_EKDL210004790-1a-AK11593-AK16256_HHJYYDSX2_depth.gz,2.004985406,3.695422169,2.780589507,1.920459725,2,0.721064868
/home/projects/dp_00007/people/hmon/Shucking/07_depth/VENO_16_EKDL210004788-1a-AK11178-AK16246_HHJYYDSX2_L1_depth.gz,1.924474939,2.774125242,2.658605383,1.813774962,2,0.723866336
/home/projects/dp_00007/people/hmon/Shucking/07_depth/COLN_03_EKDL210005548-1a-AK11440-AK16251_HHJKNDSX2_L4_depth.gz,1.998269512,3.235753111,2.758411585,1.860715843,2,0.72442761
/home/projects/dp_00007/people/hmon/Shucking/07_depth/FURI_11_EKDL210004789-1a-AK11485-AK16252_HHJYYDSX2_L2_depth.gz,1.977396216,2.63620929,2.727871732,1.841464052,2,0.724886069
/home/projects/dp_00007/people/hmon/Shucking/07_depth/CORS_01_EKDL210004788-1a-AK11479-AK16234_HHJYYDSX2_L1_depth.gz,1.924482394,3.417253887,2.653782436,1.844825202,2,0.72518469
/home/projects/dp_00007/people/hmon/Shucking/07_depth/SVAL_09_EKDL210004788-1a-AK11168-AK16259_HHJYYDSX2_L1_depth.gz,1.994923342,2.822821373,2.747140503,1.857306385,2,0.726181766
/home/projects/dp_00007/people/hmon/Shucking/07_depth/KLEV_03_EKDL210004789-1a-AK11195-AK16227_HHJYYDSX2_L2_depth.gz,2.019617572,2.686750832,2.769664481,1.871179793,2,0.729192141
/home/projects/dp_00007/people/hmon/Shucking/07_depth/SVAL_02_EKDL200012859-1a-AK11440-AK16251_HNLVYDSXY_L1_depth.gz,1.994847729,2.564577889,2.731935408,1.872240382,2,0.730195788
/home/projects/dp_00007/people/hmon/Shucking/07_depth/LOGS_11_EKDL210004789-1a-AK11381-AK16293_HHJYYDSX2_L2_depth.gz,2.058036694,2.975764191,2.818118843,1.936914597,2,0.730287404
/home/projects/dp_00007/people/hmon/Shucking/07_depth/RIAE_17_EKDL210004790-1a-AK11456-AK16260_HHJYYDSX2_L3_depth.gz,2.058535154,3.248345884,2.818706567,1.951932601,2,0.730311973
/home/projects/dp_00007/people/hmon/Shucking/07_depth/VENO_17_EKDL210005548-1a-AK11629-AK16249_HHJKNDSX2_L4_depth.gz,1.949029844,2.678501388,2.668496808,1.83739351,2,0.730384926
/home/projects/dp_00007/people/hmon/Shucking/07_depth/BARR_08_EKDL210005548-1a-AK11426-AK5939_HHJKNDSX2_L4_depth.gz,1.948765344,2.640428062,2.663718438,1.836577335,2,0.731595846
/home/projects/dp_00007/people/hmon/Shucking/07_depth/HAUG_15_a_batch1_EKDL210004788-1a-AK11615-AK16297_HHJYYDSX2_L1_depth.gz,2.017417166,2.726004882,2.757064633,1.89156906,2,0.731726468
/home/projects/dp_00007/people/hmon/Shucking/07_depth/INNE_19_EKDL210005548-1a-AK11674-AK2690_HHJKNDSX2_L4_depth.gz,2.134448263,3.787062335,2.905683973,2.037825477,2,0.734576878
/home/projects/dp_00007/people/hmon/Shucking/07_depth/OSTE_15_EKDL210004790-1a-AK11476-AK16258_HHJYYDSX2_L3_depth.gz,2.084463961,2.866684836,2.836281866,1.949189542,2,0.734928353
/home/projects/dp_00007/people/hmon/Shucking/07_depth/HAUG_15_batch3_EKDL210004790-1a-AK11440-AK16251_HHJYYDSX2_L3_depth.gz,2.014021064,2.569171785,2.736074102,1.901128734,2,0.736098873
/home/projects/dp_00007/people/hmon/Shucking/07_depth/FURI_08_EKDL210004788-1a-AK11375-AK16261_HHJYYDSX2_L1_depth.gz,2.055494227,3.16693341,2.790772021,1.959093707,2,0.736532476
/home/projects/dp_00007/people/hmon/Shucking/07_depth/NELL_17_EKDL210005548-1a-AK11593-AK16256_HHJKNDSX2_L4_depth.gz,2.026141015,2.777735679,2.743039882,1.904925529,2,0.738648033
/home/projects/dp_00007/people/hmon/Shucking/07_depth/COLN_06_EKDL210004790-1a-AK11428-AK16253_HHJYYDSX2_L3_depth.gz,2.066109359,2.947999343,2.791366115,1.922888922,2,0.740178563
/home/projects/dp_00007/people/hmon/Shucking/07_depth/VAGS_01_EKDL210004788-1a-AK11640-AK16265_HHJYYDSX2_L1_depth.gz,2.091223858,2.751643816,2.82464086,1.945462166,2,0.740350353
/home/projects/dp_00007/people/hmon/Shucking/07_depth/HAVS_20_EKDL210004790-1a-AK11384-AK16224_HHJYYDSX2_L3_depth.gz,2.113562972,2.54686477,2.852951734,1.967516327,2,0.740833764
/home/projects/dp_00007/people/hmon/Shucking/07_depth/HAVS_05_a_batch3_EKDL210004790-1a-AK7415-AK16289_HHJYYDSX2_L3_depth.gz,2.103239383,3.271428159,2.836210284,1.989289509,2,0.7415668
/home/projects/dp_00007/people/hmon/Shucking/07_depth/SYDK_08_EKDL210005548-1a-AK7016-AK16255_HHJKNDSX2_L4_depth.gz,2.040895982,2.835455693,2.75118439,1.910399838,2,0.741824499
/home/projects/dp_00007/people/hmon/Shucking/07_depth/ZECE_01_EKDL210004790-1a-AK12637-AK16268_HHJYYDSX2_L3_depth.gz,2.155005069,2.747478306,2.898681238,1.995132604,2,0.743443274
/home/projects/dp_00007/people/hmon/Shucking/07_depth/NELL_06_EKDL210004788-1a-AK11204-AK16254_HHJYYDSX2_L1_depth.gz,2.110863449,2.524494994,2.835370789,1.973021116,2,0.744475275
/home/projects/dp_00007/people/hmon/Shucking/07_depth/RIAE_05_EKDL210004789-1a-AK11524-AK16276_HHJYYDSX2_L2_depth.gz,2.136429073,3.195489169,2.865458727,2.025059739,2,0.745580124
/home/projects/dp_00007/people/hmon/Shucking/07_depth/LANG_19_EKDL210004788-1a-AK11526-AK16296_HHJYYDSX2_L1_depth.gz,2.180330358,3.185841021,2.923344358,2.049613122,2,0.745834254
/home/projects/dp_00007/people/hmon/Shucking/07_depth/ORNE_14_EKDL210004790-1a-AK11714-AK16250_HHJYYDSX2_L3_depth.gz,2.246402254,3.425594719,3.008790494,2.148713325,2,0.746613052
/home/projects/dp_00007/people/hmon/Shucking/07_depth/OSTE_04_EKDL210004788-1a-AK11379-AK16266_HHJYYDSX2_L1_depth.gz,2.272200992,3.545563484,3.04277348,2.151376072,2,0.746753252
/home/projects/dp_00007/people/hmon/Shucking/07_depth/HFJO_10_EKDL210004788-1a-AK11524-AK16276_HHJYYDSX2_L1_depth.gz,2.191139432,3.678307602,2.931157895,2.094064659,2,0.747533743
/home/projects/dp_00007/people/hmon/Shucking/07_depth/LOGS_13_EKDL210004788-1a-AK11603-AK16257_HHJYYDSX2_L1_depth.gz,2.182218255,3.002862192,2.918614549,2.064424543,2,0.747689775
/home/projects/dp_00007/people/hmon/Shucking/07_depth/MOLU_10_EKDL210004789-1a-AK11495-AK16238_HHJYYDSX2_L2_depth.gz,2.315123205,3.630585274,3.094199726,2.164485425,2,0.748213888
/home/projects/dp_00007/people/hmon/Shucking/07_depth/AGAB_08_EKDL210004788-1a-AK11464-AK16277_HHJYYDSX2_L1_depth.gz,2.214123009,2.919896285,2.952754715,2.084802868,2,0.749849961
/home/projects/dp_00007/people/hmon/Shucking/07_depth/HAUG_02_EKDL200012859-1a-AK11433-AK13293_HNLVYDSXY_L1_depth.gz,2.256481256,3.454965509,3.00899212,2.133861529,2,0.749912651
/home/projects/dp_00007/people/hmon/Shucking/07_depth/VENO_04_EKDL210004789-1a-AK11387-AK16228_HHJYYDSX2_L2_depth.gz,2.220445531,3.345403808,2.959068797,2.089690736,2,0.750386586
/home/projects/dp_00007/people/hmon/Shucking/07_depth/LILL_14_EKDL210005548-1a-AK11479-AK16234_HHJKNDSX2_L4_depth.gz,2.200347171,2.683405144,2.930370729,2.041722662,2,0.750876723
/home/projects/dp_00007/people/hmon/Shucking/07_depth/BOVA_12_EKDL210004788-1a-AK11608-AK2002_HHJYYDSX2_L1_depth.gz,2.258726325,3.279004863,2.996757694,2.121155187,2,0.753723376
/home/projects/dp_00007/people/hmon/Shucking/07_depth/COLN_02_EKDL210004790-1a-AK11479-AK16234_HHJYYDSX2_L3_depth.gz,2.357091634,3.228147381,3.12660097,2.200271959,2,0.753883101
/home/projects/dp_00007/people/hmon/Shucking/07_depth/KLEV_11_EKDL210004789-1a-AK10139-AK9682_HHJYYDSX2_L2_depth.gz,2.265179262,3.210321289,2.996731938,2.135137592,2,0.755883178
/home/projects/dp_00007/people/hmon/Shucking/07_depth/PONT_20_EKDL210004788-1a-AK11208-AK16233_HHJYYDSX2_L1_depth.gz,2.257301792,3.099548232,2.985962549,2.124559378,2,0.755971234
/home/projects/dp_00007/people/hmon/Shucking/07_depth/AGAB_10_EKDL210004788-1a-GG04-AK5420_HHJYYDSX2_L1_depth.gz,2.233594241,2.956997857,2.95227976,2.127868899,2,0.756565916
/home/projects/dp_00007/people/hmon/Shucking/07_depth/GASO_02_EKDL210004789-1a-AK11692-AK16230_HHJYYDSX2_L2_depth.gz,2.336653757,3.487419227,3.077979692,2.204105693,2,0.759151778
/home/projects/dp_00007/people/hmon/Shucking/07_depth/LANG_02_EKDL210004790-1a-AK11661-AK16241_HHJYYDSX2_L3_depth.gz,2.563606116,4.525280147,3.375549947,2.458324717,2,0.759463245
/home/projects/dp_00007/people/hmon/Shucking/07_depth/RAMS_11_EKDL210004790-1a-AK11685-AK16235_HHJYYDSX2_L3_depth.gz,2.392763381,3.114609863,3.144615485,2.246561757,2,0.760908096
/home/projects/dp_00007/people/hmon/Shucking/07_depth/LOGS_15_EKDL210004788-1a-AK11436-AK16240_HHJYYDSX2_L1_depth.gz,2.361941378,2.966365274,3.103110355,2.213268024,2,0.761152878
/home/projects/dp_00007/people/hmon/Shucking/07_depth/GASO_06_EKDL210004790-1a-AK11631-AK349_HHJYYDSX2_L3_depth.gz,2.445311723,3.488438808,3.211041659,2.312405731,2,0.761532233
/home/projects/dp_00007/people/hmon/Shucking/07_depth/LANG_11_EKDL210004788-1a-AK11456-AK16260_HHJYYDSX2_L1_depth.gz,2.489920914,3.439666753,3.245553738,2.340846729,2,0.767179075
/home/projects/dp_00007/people/hmon/Shucking/07_depth/RIAE_09_EKDL210004788-1a-AK2372-AK16292_HHJYYDSX2_L1_depth.gz,2.458881115,3.590823102,3.202707748,2.311950563,2,0.7677507
/home/projects/dp_00007/people/hmon/Shucking/07_depth/GASO_15_EKDL210005548-1a-AK11398-AK16264_HHJKNDSX2_L4_depth.gz,2.385528564,3.01086774,3.104818986,2.250015946,2,0.768330964
/home/projects/dp_00007/people/hmon/Shucking/07_depth/TOLL_07_EKDL210004790-1a-AK11449-AK16245_HHJYYDSX2_L3_depth.gz,2.455243594,3.084755165,3.195034102,2.282466648,2,0.768456147
/home/projects/dp_00007/people/hmon/Shucking/07_depth/RAMS_16_EKDL210005548-1a-AK11631-AK349_HHJKNDSX2_L4_depth.gz,2.433211059,2.979352926,3.165442006,2.283125424,2,0.768679715
/home/projects/dp_00007/people/hmon/Shucking/07_depth/WADD_05_EKDL210005548-1a-AK11726-AK16225_HHJKNDSX2_L4_depth.gz,2.406361345,2.957522491,3.129168762,2.263898999,2,0.769009768
/home/projects/dp_00007/people/hmon/Shucking/07_depth/CRES_07_EKDL210004789-1a-AK12629-AK16244_HHJYYDSX2_L2_depth.gz,2.518701016,3.833642684,3.271813117,2.413360453,2,0.769818118
/home/projects/dp_00007/people/hmon/Shucking/07_depth/LANG_01_EKDL210004789-1a-AK11449-AK16245_HHJYYDSX2_L2_depth.gz,2.518482395,3.622130997,3.254708667,2.369220679,2,0.773796567
/home/projects/dp_00007/people/hmon/Shucking/07_depth/WADD_12_EKDL210004790-1a-AK11512-AK16284_HHJYYDSX2_L3_depth.gz,2.633414094,4.912278954,3.387727864,2.516769091,2,0.777339326
/home/projects/dp_00007/people/hmon/Shucking/07_depth/INNE_07_EKDL200012859-1a-AK11178-AK16246_HNLVYDSXY_L1_depth.gz,2.377866916,3.15245823,3.050187606,2.248840158,2,0.779580545
/home/projects/dp_00007/people/hmon/Shucking/07_depth/WADD_13_EKDL210005548-1a-AK11485-AK16252_HHJKNDSX2_L4_depth.gz,2.690048047,5.269193538,3.44414409,2.57197106,2,0.781049798
/home/projects/dp_00007/people/hmon/Shucking/07_depth/FURI_07_EKDL210004788-1a-AK11710-AK16288_HHJYYDSX2_L1_depth.gz,2.667210557,3.015787865,3.402154279,2.472151757,2,0.783976956
/home/projects/dp_00007/people/hmon/Shucking/07_depth/SVAL_13_EKDL210004788-1a-AK11630-AK16248_HHJYYDSX2_L1_depth.gz,2.68569716,3.726399411,3.423204736,2.551115233,2,0.784556393
/home/projects/dp_00007/people/hmon/Shucking/07_depth/VENO_15_EKDL210004789-1a-AK11519-AK16232_HHJYYDSX2_L2_depth.gz,2.719194624,4.256434107,3.462813262,2.588302535,2,0.785255923
/home/projects/dp_00007/people/hmon/Shucking/07_depth/GREV_09_EKDL210004790-1a-AK11659-AK16242_HHJYYDSX2_L3_depth.gz,2.769916785,3.436793494,3.526380646,2.581510143,2,0.785484343
/home/projects/dp_00007/people/hmon/Shucking/07_depth/RIAE_18_EKDL210005548-1a-AK11204-AK16254_HHJKNDSX2_L4_depth.gz,2.612666626,3.341665049,3.325657677,2.473923444,2,0.785609007
/home/projects/dp_00007/people/hmon/Shucking/07_depth/RAMS_10_EKDL210005548-1a-AK11428-AK16253_HHJKNDSX2_L4_depth.gz,2.844775653,3.724085098,3.575404834,2.700510584,2,0.795651342
/home/projects/dp_00007/people/hmon/Shucking/07_depth/SVAL_01_EKDL210004789-1a-AK11584-AK16263_HHJYYDSX2_L2_depth.gz,2.97551375,3.841884999,3.728483834,2.815257543,3,0.798049256
/home/projects/dp_00007/people/hmon/Shucking/07_depth/HFJO_06_EKDL210005548-1a-AK11714-AK16250_HHJKNDSX2_L4_depth.gz,2.930049571,4.110429396,3.667292749,2.814302201,3,0.798968005
/home/projects/dp_00007/people/hmon/Shucking/07_depth/GASO_03_EKDL210004790-1a-AK11519-AK16232_HHJYYDSX2_L3_depth.gz,3.003650925,3.498099845,3.750302243,2.782508627,3,0.800909028
/home/projects/dp_00007/people/hmon/Shucking/07_depth/PONT_10_EKDL210004789-1a-AK11164-AK16239_HHJYYDSX2_L2_depth.gz,3.373093309,4.254154949,4.150459576,3.141083618,3,0.812703569
/home/projects/dp_00007/people/hmon/Shucking/07_depth/FURI_03_EKDL210004789-1a-AK11528-AK14283_HHJYYDSX2_L2_depth.gz,3.746698924,4.955574894,4.585046949,3.497717542,3,0.817156065
/home/projects/dp_00007/people/hmon/Shucking/07_depth/VAGS_15_EKDL210004789-1a-AK11190-AK16270_HHJYYDSX2_L2_depth.gz,3.62314582,4.26894771,4.425621569,3.42276098,3,0.818675018
/home/projects/dp_00007/people/hmon/Shucking/07_depth/PONT_03_EKDL210004788-1a-AK7016-AK16255_HHJYYDSX2_L1_depth.gz,3.792712242,4.573000502,4.574846711,3.568167837,3,0.829035918